session_date,entry_time,exit_time,trigger_time,entry,exit,stop,target,qty,target_r,estimated_annual_vol,range_points,risk_points,planned_risk_per_contract,planned_risk_usd,gross_pnl,net_pnl,exit_reason,mfe_usd,mae_usd
2025-01-02,2025-01-02 10:05:00-05:00,2025-01-02 12:25:00-05:00,2025-01-02 10:00:00-05:00,21413.5,21166.25,21166.5,21660.5,4,1.0,,243.0,247.0,495.74,1982.96,-1978.0,-1982.96,stop,244.0,2164.0
2025-01-03,2025-01-03 11:35:00-05:00,2025-01-03 14:00:00-05:00,2025-01-03 11:30:00-05:00,21452.75,21508.75,21276.75,21628.75,5,1.0,,157.75,176.0,353.74,1768.7,560.0,553.8,time,785.0,170.0
2025-01-06,2025-01-06 10:15:00-05:00,2025-01-06 13:45:00-05:00,2025-01-06 10:10:00-05:00,21852.75,21723.5,21723.75,21981.75,7,1.0,,124.25,129.0,259.74,1818.18,-1809.5,-1818.18,stop,619.5,2030.0
2025-01-08,2025-01-08 10:05:00-05:00,2025-01-08 10:10:00-05:00,2025-01-08 10:00:00-05:00,21387.75,21284.75,21285.0,21490.5,9,1.0,,99.75,102.75,207.24,1865.16,-1854.0,-1865.16,stop,76.5,2686.5
2025-01-13,2025-01-13 10:45:00-05:00,2025-01-13 14:00:00-05:00,2025-01-13 10:40:00-05:00,20855.75,20891.5,20701.5,21010.0,6,1.0,,139.75,154.25,310.24,1861.44,429.0,421.56,time,696.0,1647.0
2025-01-15,2025-01-15 10:05:00-05:00,2025-01-15 14:00:00-05:00,2025-01-15 10:00:00-05:00,21364.25,21380.5,21186.5,21542.0,5,1.0,,160.0,177.75,357.24,1786.2,162.5,156.3,time,442.5,1180.0
2025-01-17,2025-01-17 13:15:00-05:00,2025-01-17 14:00:00-05:00,2025-01-17 13:10:00-05:00,21657.0,21631.75,21487.0,21827.0,5,1.0,,166.5,170.0,341.74,1708.7,-252.5,-258.7,time,155.0,450.0
2025-01-21,2025-01-21 12:50:00-05:00,2025-01-21 14:00:00-05:00,2025-01-21 12:45:00-05:00,21720.5,21752.75,21572.5,21868.5,6,1.0,,146.0,148.0,297.74,1786.44,387.0,379.56,time,618.0,18.0
2025-01-22,2025-01-22 10:15:00-05:00,2025-01-22 14:00:00-05:00,2025-01-22 10:10:00-05:00,22028.25,22027.5,21902.5,22154.0,7,1.0,,125.25,125.75,253.24,1772.68,-10.5,-19.18,time,920.5,542.5
2025-01-23,2025-01-23 10:35:00-05:00,2025-01-23 13:35:00-05:00,2025-01-23 10:30:00-05:00,21921.0,21975.75,21866.0,21976.0,17,1.0,,52.25,55.0,111.74,1899.58,1861.5,1840.42,target,2150.5,892.5
2025-01-27,2025-01-27 10:30:00-05:00,2025-01-27 14:00:00-05:00,2025-01-27 10:25:00-05:00,21368.0,21151.5,21108.25,21627.75,3,1.0,,232.75,259.75,521.24,1563.72,-1299.0,-1302.72,time,300.0,1375.5
2025-01-28,2025-01-28 10:05:00-05:00,2025-01-28 12:20:00-05:00,2025-01-28 10:00:00-05:00,21357.0,21553.0,21160.75,21553.25,5,1.0,,159.0,196.25,394.24,1971.2,1960.0,1953.8,target,2062.5,430.0
2025-01-31,2025-01-31 10:05:00-05:00,2025-01-31 13:30:00-05:00,2025-01-31 10:00:00-05:00,21900.25,21763.75,21764.0,22036.5,7,1.0,,106.5,136.25,274.24,1919.68,-1911.0,-1919.68,stop,917.0,2187.5
2025-02-03,2025-02-03 10:30:00-05:00,2025-02-03 14:00:00-05:00,2025-02-03 10:25:00-05:00,21353.0,21467.0,21172.5,21533.5,5,1.0,,142.25,180.5,362.74,1813.7,1140.0,1133.8,time,1287.5,317.5
2025-02-04,2025-02-04 10:05:00-05:00,2025-02-04 14:00:00-05:00,2025-02-04 10:00:00-05:00,21603.5,21622.5,21405.0,21802.0,5,1.0,,171.25,198.5,398.74,1993.7,190.0,183.8,time,912.5,532.5
2025-02-05,2025-02-05 10:40:00-05:00,2025-02-05 11:45:00-05:00,2025-02-05 10:35:00-05:00,21592.0,21664.75,21519.0,21665.0,13,1.0,,71.75,73.0,147.74,1920.6200000000001,1891.5,1875.38,target,2314.0,780.0
2025-02-06,2025-02-06 10:15:00-05:00,2025-02-06 14:00:00-05:00,2025-02-06 10:10:00-05:00,21836.5,21815.0,21738.0,21935.0,10,1.0,,84.75,98.5,198.74,1987.4,-430.0,-442.4,time,260.0,1925.0
2025-02-10,2025-02-10 10:05:00-05:00,2025-02-10 10:45:00-05:00,2025-02-10 10:00:00-05:00,21815.0,21887.5,21742.25,21887.75,13,1.0,,66.75,72.75,147.24,1914.1200000000001,1885.0,1868.88,target,2047.5,45.5
2025-02-11,2025-02-11 10:25:00-05:00,2025-02-11 14:00:00-05:00,2025-02-11 10:20:00-05:00,21809.0,21802.5,21700.25,21917.75,9,1.0,,106.0,108.75,219.24,1973.16,-117.0,-128.16,time,1120.5,1678.5
2025-02-12,2025-02-12 10:25:00-05:00,2025-02-12 14:00:00-05:00,2025-02-12 10:20:00-05:00,21718.5,21792.75,21535.75,21901.25,5,1.0,,165.25,182.75,367.24,1836.2,742.5,736.3,time,1100.0,720.0
2025-02-13,2025-02-13 10:20:00-05:00,2025-02-13 14:00:00-05:00,2025-02-13 10:15:00-05:00,21973.75,21996.25,21835.0,22112.5,7,1.0,,116.0,138.75,279.24,1954.68,315.0,306.32,time,1179.5,1165.5
2025-02-14,2025-02-14 10:10:00-05:00,2025-02-14 14:00:00-05:00,2025-02-14 10:05:00-05:00,22144.5,22184.5,22088.0,22201.0,17,1.0,,54.0,56.5,114.74,1950.58,1360.0,1338.92,time,1844.5,1793.5
2025-02-17,2025-02-17 11:05:00-05:00,2025-02-17 18:00:00-05:00,2025-02-17 11:00:00-05:00,22246.0,22229.25,22192.0,22300.0,18,1.0,,50.0,54.0,109.74,1975.32,-603.0,-625.32,time,225.0,1080.0
2025-02-19,2025-02-19 11:45:00-05:00,2025-02-19 14:00:00-05:00,2025-02-19 11:40:00-05:00,22237.75,22232.75,22154.5,22321.0,11,1.0,,67.0,83.25,168.24,1850.64,-110.0,-123.64,time,583.0,946.0
2025-02-26,2025-02-26 10:15:00-05:00,2025-02-26 13:25:00-05:00,2025-02-26 10:10:00-05:00,21329.5,21188.25,21188.5,21470.5,7,1.0,,124.5,141.0,283.74,1986.18,-1977.5,-1986.18,stop,1123.5,2233.0
2025-02-28,2025-02-28 10:15:00-05:00,2025-02-28 14:00:00-05:00,2025-02-28 10:10:00-05:00,20692.75,20541.5,20460.25,20925.25,4,1.0,,184.5,232.5,466.74,1866.96,-1210.0,-1214.96,time,680.0,1672.0
2025-03-04,2025-03-04 13:15:00-05:00,2025-03-04 14:00:00-05:00,2025-03-04 13:10:00-05:00,20480.75,20500.0,20227.75,20733.75,3,1.0,,202.25,253.0,507.74,1523.22,115.5,111.78,time,487.5,781.5
2025-03-05,2025-03-05 10:10:00-05:00,2025-03-05 11:10:00-05:00,2025-03-05 10:05:00-05:00,20455.0,20270.0,20270.25,20639.75,5,1.0,,185.5,184.75,371.24,1856.2,-1850.0,-1856.2,stop,225.0,2030.0
2025-03-06,2025-03-06 10:05:00-05:00,2025-03-06 10:35:00-05:00,2025-03-06 10:00:00-05:00,20359.25,20490.0,20228.25,20490.25,7,1.0,,115.25,131.0,263.74,1846.18,1830.5,1821.82,target,1988.0,56.0
2025-03-14,2025-03-14 11:05:00-04:00,2025-03-14 14:00:00-04:00,2025-03-14 11:00:00-04:00,19634.75,19629.75,19450.0,19819.5,5,1.0,,170.75,184.75,371.24,1856.2,-50.0,-56.2,time,730.0,437.5
2025-03-20,2025-03-20 10:05:00-04:00,2025-03-20 14:00:00-04:00,2025-03-20 10:00:00-04:00,20007.0,19848.25,19756.75,20257.25,3,1.0,,184.5,250.25,502.24,1506.72,-952.5,-956.22,time,588.0,1086.0
2025-03-21,2025-03-21 10:25:00-04:00,2025-03-21 14:00:00-04:00,2025-03-21 10:20:00-04:00,19759.75,19857.5,19607.0,19912.5,6,1.0,,145.5,152.75,307.24,1843.44,1173.0,1165.56,time,1692.0,1017.0
2025-03-24,2025-03-24 10:25:00-04:00,2025-03-24 14:00:00-04:00,2025-03-24 10:20:00-04:00,20344.25,20342.5,20228.75,20459.75,8,1.0,,109.75,115.5,232.74,1861.92,-28.0,-37.92,time,580.0,576.0
2025-03-25,2025-03-25 10:25:00-04:00,2025-03-25 14:00:00-04:00,2025-03-25 10:20:00-04:00,20431.25,20413.75,20362.5,20500.0,14,1.0,,66.5,68.75,139.24,1949.3600000000001,-490.0,-507.36,time,1827.0,819.0
2025-03-27,2025-03-27 10:30:00-04:00,2025-03-27 14:00:00-04:00,2025-03-27 10:25:00-04:00,20120.75,20015.0,19937.75,20303.75,5,1.0,,153.25,183.0,367.74,1838.7,-1057.5,-1063.7,time,782.5,1190.0
2025-03-31,2025-03-31 11:25:00-04:00,2025-03-31 14:00:00-04:00,2025-03-31 11:20:00-04:00,19217.0,19222.75,18976.75,19457.25,4,1.0,,215.5,240.25,482.24,1928.96,46.0,41.04,time,728.0,436.0
2025-04-01,2025-04-01 10:55:00-04:00,2025-04-01 14:00:00-04:00,2025-04-01 10:50:00-04:00,19493.75,19505.5,19338.25,19649.25,6,1.0,,124.0,155.5,312.74,1876.44,141.0,133.56,time,1794.0,675.0
2025-04-02,2025-04-02 10:05:00-04:00,2025-04-02 14:00:00-04:00,2025-04-02 10:00:00-04:00,19614.0,19744.75,19317.0,19911.0,3,1.0,,263.75,297.0,595.74,1787.22,784.5,780.78,time,1656.0,735.0
2025-04-08,2025-04-08 10:05:00-04:00,2025-04-08 11:10:00-04:00,2025-04-08 10:00:00-04:00,18282.5,18062.0,18062.25,18502.75,4,1.0,,203.0,220.25,442.24,1768.96,-1764.0,-1768.96,stop,598.0,2018.0
2025-04-09,2025-04-09 13:05:00-04:00,2025-04-09 13:20:00-04:00,2025-04-09 13:00:00-04:00,17694.75,18193.0,17196.25,18193.25,2,1.0,,357.5,498.5,998.74,1997.48,1993.0,1990.52,target,2961.0,1096.0
2025-04-11,2025-04-11 12:35:00-04:00,2025-04-11 14:00:00-04:00,2025-04-11 12:30:00-04:00,18666.25,18822.25,18353.5,18979.0,3,1.0,,294.5,312.75,627.24,1881.72,936.0,932.28,time,1242.0,429.0
2025-04-16,2025-04-16 11:25:00-04:00,2025-04-16 13:30:00-04:00,2025-04-16 11:20:00-04:00,18705.25,18522.75,18523.0,18887.5,5,1.0,,156.0,182.25,366.24,1831.2,-1825.0,-1831.2,stop,300.0,2447.5
2025-04-22,2025-04-22 10:05:00-04:00,2025-04-22 12:00:00-04:00,2025-04-22 10:00:00-04:00,18265.25,18430.0,18100.25,18430.25,6,1.0,,154.5,165.0,331.74,1990.44,1977.0,1969.56,target,2217.0,285.0
2025-04-23,2025-04-23 10:35:00-04:00,2025-04-23 11:20:00-04:00,2025-04-23 10:30:00-04:00,19135.25,18916.75,18917.0,19353.5,4,1.0,,205.25,218.25,438.24,1752.96,-1748.0,-1752.96,stop,244.0,1882.0
2025-04-24,2025-04-24 10:05:00-04:00,2025-04-24 14:00:00-04:00,2025-04-24 10:00:00-04:00,19072.5,19265.0,18846.5,19298.5,4,1.0,,215.75,226.0,453.74,1814.96,1540.0,1535.04,time,1708.0,184.0
2025-04-25,2025-04-25 10:10:00-04:00,2025-04-25 10:30:00-04:00,2025-04-25 10:05:00-04:00,19376.0,19235.75,19236.0,19516.0,7,1.0,,127.25,140.0,281.74,1972.18,-1963.5,-1972.18,stop,416.5,1981.0
2025-04-29,2025-04-29 10:10:00-04:00,2025-04-29 14:00:00-04:00,2025-04-29 10:05:00-04:00,19575.75,19655.75,19404.0,19747.5,5,1.0,,146.0,171.75,345.24,1726.2,800.0,793.8,time,1040.0,1050.0
2025-04-30,2025-04-30 10:30:00-04:00,2025-04-30 14:00:00-04:00,2025-04-30 10:25:00-04:00,19309.5,19478.25,19106.0,19513.0,4,1.0,,198.25,203.5,408.74,1634.96,1350.0,1345.04,time,1626.0,270.0
2025-05-01,2025-05-01 10:30:00-04:00,2025-05-01 14:00:00-04:00,2025-05-01 10:25:00-04:00,19999.0,19981.75,19858.0,20140.0,7,1.0,,140.0,141.0,283.74,1986.18,-241.5,-250.18,time,1767.5,1256.5
2025-05-02,2025-05-02 10:10:00-04:00,2025-05-02 12:00:00-04:00,2025-05-02 10:05:00-04:00,20131.75,20243.75,20019.5,20244.0,8,1.0,,105.5,112.25,226.24,1809.92,1792.0,1782.08,target,1972.0,324.0
2025-05-05,2025-05-05 10:20:00-04:00,2025-05-05 14:00:00-04:00,2025-05-05 10:15:00-04:00,20084.75,20143.5,19985.25,20184.25,9,1.0,,86.0,99.5,200.74,1806.66,1057.5,1046.34,time,1318.5,1363.5
2025-05-06,2025-05-06 10:20:00-04:00,2025-05-06 12:10:00-04:00,2025-05-06 10:15:00-04:00,19868.0,19989.0,19746.75,19989.25,8,1.0,,117.75,121.25,244.24,1953.92,1936.0,1926.08,target,2544.0,4.0
2025-05-08,2025-05-08 11:35:00-04:00,2025-05-08 12:45:00-04:00,2025-05-08 11:30:00-04:00,20193.75,20326.25,20061.0,20326.5,7,1.0,,113.5,132.75,267.24,1870.68,1855.0,1846.32,target,1932.0,164.5
2025-05-12,2025-05-12 13:10:00-04:00,2025-05-12 14:00:00-04:00,2025-05-12 13:05:00-04:00,20929.25,20908.5,20746.5,21112.0,5,1.0,,175.75,182.75,367.24,1836.2,-207.5,-213.7,time,30.0,452.5
2025-05-13,2025-05-13 10:05:00-04:00,2025-05-13 12:35:00-04:00,2025-05-13 10:00:00-04:00,21143.0,21312.5,20973.25,21312.75,5,1.0,,158.75,169.75,341.24,1706.2,1695.0,1688.8,target,1810.0,52.5
2025-05-14,2025-05-14 12:35:00-04:00,2025-05-14 14:00:00-04:00,2025-05-14 12:30:00-04:00,21411.75,21365.25,21272.75,21550.75,7,1.0,,132.0,139.0,279.74,1958.18,-651.0,-659.68,time,101.5,1827.0
2025-05-15,2025-05-15 11:05:00-04:00,2025-05-15 12:45:00-04:00,2025-05-15 11:00:00-04:00,21362.0,21475.5,21248.25,21475.75,8,1.0,,91.25,113.75,229.24,1833.92,1816.0,1806.08,target,2080.0,136.0
2025-05-16,2025-05-16 13:35:00-04:00,2025-05-16 14:00:00-04:00,2025-05-16 13:30:00-04:00,21472.25,21445.0,21388.75,21555.75,11,1.0,,81.5,83.5,168.74,1856.14,-599.5,-613.14,time,126.5,830.5
2025-05-19,2025-05-19 10:05:00-04:00,2025-05-19 14:00:00-04:00,2025-05-19 10:00:00-04:00,21390.75,21499.0,21201.5,21580.0,5,1.0,,173.5,189.25,380.24,1901.2,1082.5,1076.3,time,1547.5,145.0
2025-05-20,2025-05-20 10:45:00-04:00,2025-05-20 14:00:00-04:00,2025-05-20 10:40:00-04:00,21445.5,21430.75,21354.0,21537.0,10,1.0,,85.75,91.5,184.74,1847.4,-295.0,-307.4,time,565.0,1165.0
2025-05-21,2025-05-21 10:10:00-04:00,2025-05-21 12:05:00-04:00,2025-05-21 10:05:00-04:00,21411.75,21546.25,21277.0,21546.5,7,1.0,,128.0,134.75,271.24,1898.68,1883.0,1874.32,target,1935.5,556.5
2025-05-22,2025-05-22 10:05:00-04:00,2025-05-22 14:00:00-04:00,2025-05-22 10:00:00-04:00,21309.25,21292.25,21113.75,21504.75,5,1.0,,179.25,195.5,392.74,1963.7,-170.0,-176.2,time,210.0,1427.5
2025-05-23,2025-05-23 10:15:00-04:00,2025-05-23 14:00:00-04:00,2025-05-23 10:10:00-04:00,20970.0,21051.5,20821.5,21118.5,6,1.0,,132.0,148.5,298.74,1792.44,978.0,970.56,time,1311.0,1035.0
2025-05-27,2025-05-27 10:05:00-04:00,2025-05-27 13:55:00-04:00,2025-05-27 10:00:00-04:00,21333.75,21474.0,21193.25,21474.25,7,1.0,,103.75,140.5,282.74,1979.18,1963.5,1954.82,target,2051.0,52.5
2025-05-30,2025-05-30 10:40:00-04:00,2025-05-30 12:25:00-04:00,2025-05-30 10:35:00-04:00,21394.75,21234.5,21234.75,21554.75,6,1.0,,156.0,160.0,321.74,1930.44,-1923.0,-1930.44,stop,6.0,2829.0
2025-06-02,2025-06-02 13:05:00-04:00,2025-06-02 14:00:00-04:00,2025-06-02 13:00:00-04:00,21459.0,21445.25,21286.75,21631.25,5,1.0,,171.25,172.25,346.24,1731.2,-137.5,-143.7,time,162.5,345.0
2025-06-03,2025-06-03 10:05:00-04:00,2025-06-03 12:30:00-04:00,2025-06-03 10:00:00-04:00,21616.25,21722.25,21510.0,21722.5,9,1.0,,96.0,106.25,214.24,1928.16,1908.0,1896.84,target,2025.0,1057.5
2025-06-05,2025-06-05 11:00:00-04:00,2025-06-05 12:50:00-04:00,2025-06-05 10:55:00-04:00,21858.25,21691.5,21691.75,22024.75,5,1.0,,148.25,166.5,334.74,1673.7,-1667.5,-1673.7,stop,780.0,1877.5
2025-06-09,2025-06-09 10:10:00-04:00,2025-06-09 14:00:00-04:00,2025-06-09 10:05:00-04:00,21822.5,21866.75,21750.25,21894.75,13,1.0,,69.75,72.25,146.24,1901.1200000000001,1150.5,1134.38,time,1820.0,240.5
2025-06-10,2025-06-10 12:05:00-04:00,2025-06-10 14:00:00-04:00,2025-06-10 12:00:00-04:00,21894.25,21872.75,21818.0,21970.5,12,1.0,,75.25,76.25,154.24,1850.88,-516.0,-530.88,time,870.0,1758.0
2025-06-11,2025-06-11 10:25:00-04:00,2025-06-11 12:20:00-04:00,2025-06-11 10:20:00-04:00,22031.5,21914.75,21915.0,22148.0,8,1.0,,109.75,116.5,234.74,1877.92,-1868.0,-1877.92,stop,564.0,1988.0
2025-06-12,2025-06-12 10:15:00-04:00,2025-06-12 14:00:00-04:00,2025-06-12 10:10:00-04:00,21915.25,21936.25,21816.0,22014.5,9,1.0,,76.0,99.25,200.24,1802.16,378.0,366.84,time,1120.5,603.0
2025-06-13,2025-06-13 11:30:00-04:00,2025-06-13 14:00:00-04:00,2025-06-13 11:25:00-04:00,21797.75,21787.75,21663.5,21932.0,7,1.0,,132.75,134.25,270.24,1891.68,-140.0,-148.68,time,812.0,780.5
2025-06-16,2025-06-16 10:05:00-04:00,2025-06-16 14:00:00-04:00,2025-06-16 10:00:00-04:00,21947.0,21938.5,21792.25,22101.75,6,1.0,,152.5,154.75,311.24,1867.44,-102.0,-109.44,time,594.0,354.0
2025-06-17,2025-06-17 10:15:00-04:00,2025-06-17 12:55:00-04:00,2025-06-17 10:10:00-04:00,21896.5,21802.25,21802.5,21990.5,10,1.0,,84.0,94.0,189.74,1897.4,-1885.0,-1897.4,stop,225.0,1910.0
2025-06-23,2025-06-23 10:05:00-04:00,2025-06-23 12:35:00-04:00,2025-06-23 10:00:00-04:00,21957.0,21758.25,21758.5,22155.5,5,1.0,,170.75,198.5,398.74,1993.7,-1987.5,-1993.7,stop,610.0,2185.0
2025-06-24,2025-06-24 10:45:00-04:00,2025-06-24 12:40:00-04:00,2025-06-24 10:40:00-04:00,22336.75,22413.25,22260.0,22413.5,12,1.0,,73.25,76.75,155.24,1862.88,1836.0,1821.12,target,1938.0,882.0
2025-06-26,2025-06-26 10:25:00-04:00,2025-06-26 14:00:00-04:00,2025-06-26 10:20:00-04:00,22571.5,22640.25,22476.25,22666.75,10,1.0,,90.25,95.25,192.24,1922.4,1375.0,1362.6,time,1600.0,435.0
2025-06-27,2025-06-27 10:05:00-04:00,2025-06-27 14:00:00-04:00,2025-06-27 10:00:00-04:00,22794.25,22736.0,22682.0,22906.5,8,1.0,,88.25,112.25,226.24,1809.92,-932.0,-941.92,time,472.0,1556.0
2025-07-02,2025-07-02 10:05:00-04:00,2025-07-02 10:40:00-04:00,2025-07-02 10:00:00-04:00,22733.5,22816.0,22650.75,22816.25,11,1.0,,78.0,82.75,167.24,1839.64,1815.0,1801.36,target,1831.5,110.0
2025-07-03,2025-07-03 10:05:00-04:00,2025-07-03 18:00:00-04:00,2025-07-03 10:00:00-04:00,23038.75,23058.75,22929.75,23147.75,9,1.0,,75.0,109.0,219.74,1977.66,360.0,348.84,time,1125.0,301.5
2025-07-08,2025-07-08 12:25:00-04:00,2025-07-08 13:15:00-04:00,2025-07-08 12:20:00-04:00,22947.0,22879.75,22880.0,23014.0,14,1.0,,64.0,67.0,135.74,1900.3600000000001,-1883.0,-1900.36,stop,441.0,1995.0
2025-07-11,2025-07-11 10:15:00-04:00,2025-07-11 14:00:00-04:00,2025-07-11 10:10:00-04:00,22978.75,22998.0,22863.0,23094.5,8,1.0,,104.75,115.75,233.24,1865.92,308.0,298.08,time,688.0,1120.0
2025-07-14,2025-07-14 11:00:00-04:00,2025-07-14 14:00:00-04:00,2025-07-14 10:55:00-04:00,22991.75,23044.75,22842.5,23141.0,6,1.0,,136.5,149.25,300.24,1801.44,636.0,628.56,time,912.0,84.0
2025-07-17,2025-07-17 10:05:00-04:00,2025-07-17 14:00:00-04:00,2025-07-17 10:00:00-04:00,23172.75,23275.5,23065.75,23279.75,9,1.0,,92.75,107.0,215.74,1941.66,1849.5,1838.34,time,1948.5,1048.5
2025-07-21,2025-07-21 10:15:00-04:00,2025-07-21 14:00:00-04:00,2025-07-21 10:10:00-04:00,23399.5,23411.25,23255.0,23544.0,6,1.0,,141.0,144.5,290.74,1744.44,141.0,133.56,time,306.0,489.0
2025-07-24,2025-07-24 13:15:00-04:00,2025-07-24 14:00:00-04:00,2025-07-24 13:10:00-04:00,23411.5,23384.0,23333.5,23489.5,12,1.0,,67.25,78.0,157.74,1892.88,-660.0,-674.88,time,246.0,738.0
2025-07-25,2025-07-25 10:45:00-04:00,2025-07-25 14:00:00-04:00,2025-07-25 10:40:00-04:00,23409.0,23439.0,23330.25,23487.75,12,1.0,,77.75,78.75,159.24,1910.88,720.0,705.12,time,1632.0,450.0
2025-08-04,2025-08-04 12:10:00-04:00,2025-08-04 14:00:00-04:00,2025-08-04 12:05:00-04:00,23260.75,23268.0,23088.75,23432.75,5,1.0,,169.25,172.0,345.74,1728.7,72.5,66.3,time,257.5,200.0
2025-08-06,2025-08-06 10:05:00-04:00,2025-08-06 13:40:00-04:00,2025-08-06 10:00:00-04:00,23269.75,23390.5,23148.75,23390.75,8,1.0,,96.25,121.0,243.74,1949.92,1932.0,1922.08,target,2028.0,1688.0
2025-08-08,2025-08-08 10:05:00-04:00,2025-08-08 14:00:00-04:00,2025-08-08 10:00:00-04:00,23649.75,23700.0,23530.0,23769.5,8,1.0,,119.0,119.75,241.24,1929.92,804.0,794.08,time,1164.0,604.0
2025-08-11,2025-08-11 10:15:00-04:00,2025-08-11 14:00:00-04:00,2025-08-11 10:10:00-04:00,23746.5,23697.75,23681.0,23812.0,15,1.0,,64.0,65.5,132.74,1991.1000000000001,-1462.5,-1481.1,time,1740.0,2085.0
2025-08-12,2025-08-12 11:10:00-04:00,2025-08-12 14:00:00-04:00,2025-08-12 11:05:00-04:00,23810.25,23914.0,23650.0,23970.5,6,1.0,,158.5,160.25,322.24,1933.44,1245.0,1237.56,time,1347.0,3.0
2025-08-14,2025-08-14 10:35:00-04:00,2025-08-14 14:00:00-04:00,2025-08-14 10:30:00-04:00,23972.75,23962.75,23841.25,24104.25,7,1.0,,119.0,131.5,264.74,1853.18,-140.0,-148.68,time,458.5,1540.0
2025-08-21,2025-08-21 10:20:00-04:00,2025-08-21 12:25:00-04:00,2025-08-21 10:15:00-04:00,23302.5,23174.75,23175.0,23430.0,7,1.0,,115.5,127.5,256.74,1797.18,-1788.5,-1797.18,stop,640.5,1820.0
2025-08-22,2025-08-22 10:05:00-04:00,2025-08-22 14:00:00-04:00,2025-08-22 10:00:00-04:00,23486.75,23606.0,23206.25,23767.25,3,1.0,,136.75,280.5,562.74,1688.22,715.5,711.78,time,979.5,22.5
2025-08-25,2025-08-25 10:05:00-04:00,2025-08-25 14:00:00-04:00,2025-08-25 10:00:00-04:00,23542.5,23578.0,23445.0,23640.0,10,1.0,,75.5,97.5,196.74,1967.4,710.0,697.6,time,1485.0,485.0
2025-08-26,2025-08-26 10:25:00-04:00,2025-08-26 14:00:00-04:00,2025-08-26 10:20:00-04:00,23540.75,23502.5,23426.75,23654.75,8,1.0,,91.75,114.0,229.74,1837.92,-612.0,-621.92,time,248.0,988.0
2025-08-27,2025-08-27 10:15:00-04:00,2025-08-27 14:00:00-04:00,2025-08-27 10:10:00-04:00,23566.75,23621.0,23488.5,23645.0,12,1.0,,76.75,78.25,158.24,1898.88,1302.0,1287.12,time,1560.0,594.0
2025-08-28,2025-08-28 12:30:00-04:00,2025-08-28 14:00:00-04:00,2025-08-28 12:25:00-04:00,23755.0,23766.0,23572.5,23937.5,5,1.0,,170.75,182.5,366.74,1833.7,110.0,103.8,time,195.0,327.5
2025-09-01,2025-09-01 11:20:00-04:00,2025-09-01 18:00:00-04:00,2025-09-01 11:15:00-04:00,23495.75,23502.5,23443.25,23548.25,18,1.0,,51.75,52.5,106.74,1921.32,243.0,220.68,time,549.0,504.0
2025-09-02,2025-09-02 10:30:00-04:00,2025-09-02 14:00:00-04:00,2025-09-02 10:25:00-04:00,23261.5,23189.0,23025.0,23498.0,4,1.0,,236.0,236.5,474.74,1898.96,-580.0,-584.96,time,0.0,1880.0
2025-09-03,2025-09-03 10:20:00-04:00,2025-09-03 10:45:00-04:00,2025-09-03 10:15:00-04:00,23442.75,23515.5,23369.75,23515.75,13,1.0,,68.25,73.0,147.74,1920.6200000000001,1891.5,1875.38,target,2099.5,325.0
2025-09-04,2025-09-04 11:55:00-04:00,2025-09-04 14:00:00-04:00,2025-09-04 11:50:00-04:00,23550.75,23583.25,23457.25,23644.25,10,1.0,,91.0,93.5,188.74,1887.4,650.0,637.6,time,1070.0,760.0
2025-09-08,2025-09-08 10:45:00-04:00,2025-09-08 13:50:00-04:00,2025-09-08 10:40:00-04:00,23881.5,23771.0,23771.25,23991.75,8,1.0,,105.25,110.25,222.24,1777.92,-1768.0,-1777.92,stop,104.0,1908.0
2025-09-11,2025-09-11 10:40:00-04:00,2025-09-11 14:00:00-04:00,2025-09-11 10:35:00-04:00,24012.5,24032.5,23909.75,24115.25,9,1.0,,88.0,102.75,207.24,1865.16,360.0,348.84,time,652.5,670.5
2025-09-12,2025-09-12 10:25:00-04:00,2025-09-12 14:00:00-04:00,2025-09-12 10:20:00-04:00,24071.25,24123.75,24002.0,24140.5,14,1.0,,61.5,69.25,140.24,1963.3600000000001,1470.0,1452.64,time,1617.0,189.0
2025-09-15,2025-09-15 11:05:00-04:00,2025-09-15 14:00:00-04:00,2025-09-15 11:00:00-04:00,24266.0,24286.5,24172.0,24360.0,10,1.0,,90.25,94.0,189.74,1897.4,410.0,397.6,time,565.0,510.0
2025-09-18,2025-09-18 10:05:00-04:00,2025-09-18 14:00:00-04:00,2025-09-18 10:00:00-04:00,24722.0,24734.5,24598.75,24845.25,8,1.0,,114.75,123.25,248.24,1985.92,200.0,190.08,time,1500.0,24.0
2025-09-19,2025-09-19 12:30:00-04:00,2025-09-19 14:00:00-04:00,2025-09-19 12:25:00-04:00,24818.0,24816.25,24737.25,24898.75,12,1.0,,78.75,80.75,163.24,1958.88,-42.0,-56.879999999999995,time,396.0,522.0
2025-09-22,2025-09-22 10:25:00-04:00,2025-09-22 12:15:00-04:00,2025-09-22 10:20:00-04:00,24890.25,24966.0,24814.25,24966.25,13,1.0,,66.25,76.0,153.74,1998.6200000000001,1969.5,1953.38,target,2028.0,156.0
2025-09-25,2025-09-25 10:20:00-04:00,2025-09-25 14:00:00-04:00,2025-09-25 10:15:00-04:00,24605.75,24517.25,24422.0,24789.5,5,1.0,,156.75,183.75,369.24,1846.2,-885.0,-891.2,time,912.5,1510.0
2025-09-29,2025-09-29 10:10:00-04:00,2025-09-29 11:35:00-04:00,2025-09-29 10:05:00-04:00,24969.25,24848.0,24848.25,25090.25,8,1.0,,106.75,121.0,243.74,1949.92,-1940.0,-1949.92,stop,36.0,2124.0
2025-09-30,2025-09-30 11:00:00-04:00,2025-09-30 14:00:00-04:00,2025-09-30 10:55:00-04:00,24842.75,24768.25,24722.5,24963.0,8,1.0,,108.25,120.25,242.24,1937.92,-1192.0,-1201.92,time,340.0,1784.0
2025-10-01,2025-10-01 10:20:00-04:00,2025-10-01 14:00:00-04:00,2025-10-01 10:15:00-04:00,24858.25,24982.75,24726.0,24990.5,7,1.0,,115.5,132.25,266.24,1863.68,1743.0,1734.32,time,2124.5,56.0
2025-10-06,2025-10-06 13:25:00-04:00,2025-10-06 14:00:00-04:00,2025-10-06 13:20:00-04:00,25225.25,25227.5,25117.0,25333.5,9,1.0,,104.75,108.25,218.24,1964.16,40.5,29.34,time,193.5,396.0
2025-10-08,2025-10-08 10:05:00-04:00,2025-10-08 14:00:00-04:00,2025-10-08 10:00:00-04:00,25203.5,25273.25,25073.25,25333.75,7,1.0,,110.25,130.25,262.24,1835.68,976.5,967.82,time,1260.0,430.5
2025-10-13,2025-10-13 10:05:00-04:00,2025-10-13 14:00:00-04:00,2025-10-13 10:00:00-04:00,24904.5,24926.0,24724.5,25084.5,5,1.0,,168.75,180.0,361.74,1808.7,215.0,208.8,time,540.0,1610.0
2025-10-14,2025-10-14 10:25:00-04:00,2025-10-14 14:00:00-04:00,2025-10-14 10:20:00-04:00,24688.75,24900.0,24423.25,24954.25,3,1.0,,218.75,265.5,532.74,1598.22,1267.5,1263.78,time,1551.0,109.5
2025-10-15,2025-10-15 10:05:00-04:00,2025-10-15 11:50:00-04:00,2025-10-15 10:00:00-04:00,25039.0,24896.75,24897.0,25181.0,6,1.0,,127.25,142.0,285.74,1714.44,-1707.0,-1714.44,stop,945.0,1950.0
2025-10-16,2025-10-16 10:40:00-04:00,2025-10-16 11:25:00-04:00,2025-10-16 10:35:00-04:00,25126.5,25025.75,25026.0,25227.0,9,1.0,,99.5,100.5,202.74,1824.66,-1813.5,-1824.66,stop,958.5,1939.5
2025-10-17,2025-10-17 10:15:00-04:00,2025-10-17 14:00:00-04:00,2025-10-17 10:10:00-04:00,24931.0,24935.25,24672.25,25189.75,3,1.0,,217.75,258.75,519.24,1557.72,25.5,21.78,time,294.0,1539.0
2025-10-20,2025-10-20 10:10:00-04:00,2025-10-20 14:00:00-04:00,2025-10-20 10:05:00-04:00,25248.75,25335.75,25114.75,25382.75,7,1.0,,124.75,134.0,269.74,1888.18,1218.0,1209.32,time,1487.5,469.0
2025-10-21,2025-10-21 11:50:00-04:00,2025-10-21 14:00:00-04:00,2025-10-21 11:45:00-04:00,25309.0,25313.25,25213.75,25404.25,10,1.0,,90.75,95.25,192.24,1922.4,85.0,72.6,time,770.0,1180.0
2025-10-23,2025-10-23 10:40:00-04:00,2025-10-23 14:00:00-04:00,2025-10-23 10:35:00-04:00,25187.0,25279.25,24998.75,25375.25,5,1.0,,181.0,188.25,378.24,1891.2,922.5,916.3,time,965.0,675.0
2025-10-24,2025-10-24 12:55:00-04:00,2025-10-24 14:00:00-04:00,2025-10-24 12:50:00-04:00,25552.25,25548.75,25430.0,25674.5,8,1.0,,120.5,122.25,246.24,1969.92,-56.0,-65.92,time,252.0,284.0
2025-10-27,2025-10-27 10:05:00-04:00,2025-10-27 14:00:00-04:00,2025-10-27 10:00:00-04:00,25866.75,25926.5,25796.25,25937.25,14,1.0,,63.5,70.5,142.74,1998.3600000000001,1673.0,1655.64,time,1827.0,1253.0
2025-10-28,2025-10-28 12:35:00-04:00,2025-10-28 14:00:00-04:00,2025-10-28 12:30:00-04:00,26109.25,26153.25,26029.0,26189.5,12,1.0,,65.0,80.25,162.24,1946.88,1056.0,1041.12,time,1218.0,444.0
2025-11-05,2025-11-05 10:35:00-05:00,2025-11-05 14:00:00-05:00,2025-11-05 10:30:00-05:00,25696.0,25863.75,25487.75,25904.25,4,1.0,,203.0,208.25,418.24,1672.96,1342.0,1337.04,time,1414.0,302.0
2025-11-10,2025-11-10 13:40:00-05:00,2025-11-10 14:00:00-05:00,2025-11-10 13:35:00-05:00,25668.5,25647.0,25524.0,25813.0,6,1.0,,133.75,144.5,290.74,1744.44,-258.0,-265.44,time,174.0,312.0
2025-11-11,2025-11-11 13:20:00-05:00,2025-11-11 14:00:00-05:00,2025-11-11 13:15:00-05:00,25657.5,25690.5,25560.5,25754.5,10,1.0,,85.5,97.0,195.74,1957.4,660.0,647.6,time,765.0,1005.0
2025-11-14,2025-11-14 10:30:00-05:00,2025-11-14 14:00:00-05:00,2025-11-14 10:25:00-05:00,25010.25,25171.5,24626.0,25394.5,2,1.0,,344.5,384.25,770.24,1540.48,645.0,642.52,time,1133.0,133.0
2025-11-19,2025-11-19 10:05:00-05:00,2025-11-19 12:30:00-05:00,2025-11-19 10:00:00-05:00,24924.25,24572.5,24572.75,25275.75,2,1.0,,328.75,351.5,704.74,1409.48,-1407.0,-1409.48,stop,255.0,1446.0
2025-11-20,2025-11-20 10:45:00-05:00,2025-11-20 11:00:00-05:00,2025-11-20 10:40:00-05:00,25297.0,25144.75,25145.0,25449.0,6,1.0,,148.5,152.0,305.74,1834.44,-1827.0,-1834.44,stop,42.0,2421.0
2025-11-21,2025-11-21 12:00:00-05:00,2025-11-21 14:00:00-05:00,2025-11-21 11:55:00-05:00,24372.25,24477.25,24101.0,24643.5,3,1.0,,197.25,271.25,544.24,1632.72,630.0,626.28,time,1114.5,1014.0
2025-11-24,2025-11-24 10:05:00-05:00,2025-11-24 14:00:00-05:00,2025-11-24 10:00:00-05:00,24734.5,24925.75,24513.5,24955.5,4,1.0,,208.75,221.0,443.74,1774.96,1530.0,1525.04,time,1758.0,564.0
2025-11-25,2025-11-25 11:55:00-05:00,2025-11-25 14:00:00-05:00,2025-11-25 11:50:00-05:00,24897.75,25024.0,24602.0,25193.5,3,1.0,,280.0,295.75,593.24,1779.72,757.5,753.78,time,981.0,48.0
2025-11-26,2025-11-26 11:05:00-05:00,2025-11-26 14:00:00-05:00,2025-11-26 11:00:00-05:00,25292.25,25316.25,25155.75,25428.75,7,1.0,,125.75,136.5,274.74,1923.18,336.0,327.32,time,1165.5,154.0
2025-12-01,2025-12-01 10:55:00-05:00,2025-12-01 14:00:00-05:00,2025-12-01 10:50:00-05:00,25410.0,25486.5,25209.0,25611.0,4,1.0,,170.75,201.0,403.74,1614.96,612.0,607.04,time,686.0,700.0
2025-12-02,2025-12-02 10:05:00-05:00,2025-12-02 11:20:00-05:00,2025-12-02 10:00:00-05:00,25635.75,25471.0,25471.25,25800.25,6,1.0,,141.75,164.5,330.74,1984.44,-1977.0,-1984.44,stop,411.0,2127.0
2025-12-03,2025-12-03 10:05:00-05:00,2025-12-03 14:00:00-05:00,2025-12-03 10:00:00-05:00,25571.75,25628.5,25430.0,25713.5,7,1.0,,108.0,141.75,285.24,1996.68,794.5,785.82,time,1155.0,1032.5
2025-12-05,2025-12-05 10:05:00-05:00,2025-12-05 11:30:00-05:00,2025-12-05 10:00:00-05:00,25812.5,25660.25,25660.5,25964.5,6,1.0,,142.75,152.0,305.74,1834.44,-1827.0,-1834.44,stop,663.0,1938.0
2025-12-09,2025-12-09 10:30:00-05:00,2025-12-09 14:00:00-05:00,2025-12-09 10:25:00-05:00,25657.25,25721.75,25560.0,25754.5,10,1.0,,93.25,97.25,196.24,1962.4,1290.0,1277.6,time,1625.0,435.0
2025-12-11,2025-12-11 13:40:00-05:00,2025-12-11 14:00:00-05:00,2025-12-11 13:35:00-05:00,25663.25,25637.25,25400.5,25926.0,3,1.0,,249.25,262.75,527.24,1581.72,-156.0,-159.72,time,141.0,199.5
2025-12-18,2025-12-18 10:35:00-05:00,2025-12-18 14:00:00-05:00,2025-12-18 10:30:00-05:00,25364.25,25338.25,25160.75,25567.75,4,1.0,,168.75,203.5,408.74,1634.96,-208.0,-212.96,time,422.0,1436.0
2025-12-19,2025-12-19 12:25:00-05:00,2025-12-19 14:00:00-05:00,2025-12-19 12:20:00-05:00,25577.25,25551.25,25356.25,25798.25,4,1.0,,217.0,221.0,443.74,1774.96,-208.0,-212.96,time,162.0,264.0
2025-12-23,2025-12-23 11:45:00-05:00,2025-12-23 14:00:00-05:00,2025-12-23 11:40:00-05:00,25752.0,25773.75,25638.0,25866.0,8,1.0,,113.25,114.0,229.74,1837.92,348.0,338.08,time,548.0,32.0
2025-12-24,2025-12-24 10:15:00-05:00,2025-12-24 11:35:00-05:00,2025-12-24 10:10:00-05:00,25828.5,25875.0,25781.75,25875.25,20,1.0,,45.75,46.75,95.24,1904.8,1860.0,1835.2,target,2220.0,980.0
2025-12-30,2025-12-30 11:25:00-05:00,2025-12-30 14:00:00-05:00,2025-12-30 11:20:00-05:00,25782.75,25732.0,25673.5,25892.0,9,1.0,,101.25,109.25,220.24,1982.16,-913.5,-924.66,time,0.0,1498.5
2026-01-05,2026-01-05 10:35:00-05:00,2026-01-05 14:00:00-05:00,2026-01-05 10:30:00-05:00,25683.5,25612.75,25538.5,25828.5,6,1.0,,134.75,145.0,291.74,1750.44,-849.0,-856.44,time,294.0,1518.0
2026-01-06,2026-01-06 10:25:00-05:00,2026-01-06 14:00:00-05:00,2026-01-06 10:20:00-05:00,25763.75,25804.75,25608.75,25918.75,6,1.0,,152.75,155.0,311.74,1870.44,492.0,484.56,time,570.0,1497.0
2026-01-07,2026-01-07 10:35:00-05:00,2026-01-07 12:40:00-05:00,2026-01-07 10:30:00-05:00,25882.5,25994.0,25770.75,25994.25,8,1.0,,109.25,111.75,225.24,1801.92,1784.0,1774.08,target,1848.0,1176.0
2026-01-09,2026-01-09 10:25:00-05:00,2026-01-09 13:35:00-05:00,2026-01-09 10:20:00-05:00,25800.25,25952.0,25648.25,25952.25,6,1.0,,142.75,152.0,305.74,1834.44,1821.0,1813.56,target,1824.0,471.0
2026-01-12,2026-01-12 11:10:00-05:00,2026-01-12 14:00:00-05:00,2026-01-12 11:05:00-05:00,25925.75,25978.5,25743.75,26107.75,5,1.0,,181.0,182.0,365.74,1828.7,527.5,521.3,time,715.0,50.0
2026-01-19,2026-01-19 10:05:00-05:00,2026-01-19 18:00:00-05:00,2026-01-19 10:00:00-05:00,25335.0,25396.0,25236.25,25433.75,10,1.0,,81.75,98.75,199.24,1992.4,1220.0,1207.6,time,1660.0,945.0
2026-01-20,2026-01-20 10:35:00-05:00,2026-01-20 13:30:00-05:00,2026-01-20 10:30:00-05:00,25385.75,25232.25,25232.5,25539.0,6,1.0,,136.5,153.25,308.24,1849.44,-1842.0,-1849.44,stop,531.0,2004.0
2026-01-21,2026-01-21 10:20:00-05:00,2026-01-21 14:00:00-05:00,2026-01-21 10:15:00-05:00,25348.25,25282.25,25128.5,25568.0,4,1.0,,211.25,219.75,441.24,1764.96,-528.0,-532.96,time,1186.0,1644.0
2026-01-23,2026-01-23 10:05:00-05:00,2026-01-23 14:00:00-05:00,2026-01-23 10:00:00-05:00,25711.75,25725.0,25562.5,25861.0,6,1.0,,111.5,149.25,300.24,1801.44,159.0,151.56,time,1605.0,483.0
2026-01-26,2026-01-26 10:20:00-05:00,2026-01-26 14:00:00-05:00,2026-01-26 10:15:00-05:00,25871.5,25898.5,25704.25,26038.75,5,1.0,,149.25,167.25,336.24,1681.2,270.0,263.8,time,612.5,385.0
2026-01-27,2026-01-27 10:10:00-05:00,2026-01-27 14:00:00-05:00,2026-01-27 10:05:00-05:00,26066.5,26089.75,25917.25,26215.75,6,1.0,,143.75,149.25,300.24,1801.44,279.0,271.56,time,486.0,357.0
2026-02-02,2026-02-02 10:10:00-05:00,2026-02-02 14:00:00-05:00,2026-02-02 10:05:00-05:00,25832.0,25941.5,25540.25,26123.75,3,1.0,,259.0,291.75,585.24,1755.72,657.0,653.28,time,702.0,172.5
2026-02-06,2026-02-06 11:15:00-05:00,2026-02-06 14:00:00-05:00,2026-02-06 11:10:00-05:00,25003.25,25084.0,24700.5,25306.0,3,1.0,,283.5,302.75,607.24,1821.72,484.5,480.78,time,723.0,174.0
2026-02-09,2026-02-09 10:10:00-05:00,2026-02-09 14:00:00-05:00,2026-02-09 10:05:00-05:00,25198.75,25369.75,24955.5,25442.0,4,1.0,,233.0,243.25,488.24,1952.96,1368.0,1363.04,time,1744.0,262.0
2026-02-10,2026-02-10 10:10:00-05:00,2026-02-10 14:00:00-05:00,2026-02-10 10:05:00-05:00,25435.25,25312.25,25251.25,25619.25,5,1.0,,159.0,184.0,369.74,1848.7,-1230.0,-1236.2,time,117.5,1642.5
2026-02-13,2026-02-13 10:35:00-05:00,2026-02-13 14:00:00-05:00,2026-02-13 10:30:00-05:00,24907.5,24939.75,24578.75,25236.25,3,1.0,,271.0,328.75,659.24,1977.72,193.5,189.78,time,528.0,1123.5
2026-02-16,2026-02-16 10:05:00-05:00,2026-02-16 10:30:00-05:00,2026-02-16 10:00:00-05:00,24787.5,24692.0,24692.25,24882.75,10,1.0,,90.25,95.25,192.24,1922.4,-1910.0,-1922.4,stop,200.0,2080.0
2026-02-17,2026-02-17 13:40:00-05:00,2026-02-17 14:00:00-05:00,2026-02-17 13:35:00-05:00,24819.75,24845.25,24475.75,25163.75,2,1.0,,339.75,344.0,689.74,1379.48,102.0,99.52,time,212.0,28.0
2026-02-18,2026-02-18 10:05:00-05:00,2026-02-18 14:00:00-05:00,2026-02-18 10:00:00-05:00,25016.5,25027.5,24752.0,25281.0,3,1.0,,206.75,264.5,530.74,1592.22,66.0,62.28,time,672.0,207.0
2026-02-19,2026-02-19 10:05:00-05:00,2026-02-19 13:20:00-05:00,2026-02-19 10:00:00-05:00,24925.25,24762.25,24762.5,25088.0,6,1.0,,157.5,162.75,327.24,1963.44,-1956.0,-1963.44,stop,438.0,2127.0
2026-02-20,2026-02-20 10:05:00-05:00,2026-02-20 14:00:00-05:00,2026-02-20 10:00:00-05:00,24974.0,25098.25,24677.0,25271.0,3,1.0,,281.0,297.0,595.74,1787.22,745.5,741.78,time,994.5,694.5
2026-02-24,2026-02-24 10:30:00-05:00,2026-02-24 14:00:00-05:00,2026-02-24 10:25:00-05:00,25011.5,25029.5,24694.0,25329.0,3,1.0,,270.25,317.5,636.74,1910.22,108.0,104.28,time,415.5,267.0
2026-02-25,2026-02-25 13:50:00-05:00,2026-02-25 14:00:00-05:00,2026-02-25 13:45:00-05:00,25353.0,25350.5,25156.75,25549.25,5,1.0,,195.25,196.25,394.24,1971.2,-25.0,-31.2,time,160.0,45.0
2026-02-27,2026-02-27 10:10:00-05:00,2026-02-27 14:00:00-05:00,2026-02-27 10:05:00-05:00,24955.5,24902.25,24780.0,25131.0,5,1.0,,158.75,175.5,352.74,1763.7,-532.5,-538.7,time,812.5,807.5
2026-03-02,2026-03-02 10:10:00-05:00,2026-03-02 14:00:00-05:00,2026-03-02 10:05:00-05:00,24903.0,24971.75,24605.25,25200.75,3,1.0,,293.75,297.75,597.24,1791.72,412.5,408.78,time,1041.0,366.0
2026-03-03,2026-03-03 11:50:00-05:00,2026-03-03 14:00:00-05:00,2026-03-03 11:45:00-05:00,24690.25,24799.5,24480.0,24900.5,4,1.0,,181.0,210.25,422.24,1688.96,874.0,869.04,time,1158.0,708.0
2026-03-04,2026-03-04 10:10:00-05:00,2026-03-04 12:50:00-05:00,2026-03-04 10:05:00-05:00,24995.25,25176.75,24813.5,25177.0,5,1.0,,157.0,181.75,365.24,1826.2,1815.0,1808.8,target,1860.0,377.5
2026-03-06,2026-03-06 10:05:00-05:00,2026-03-06 12:00:00-05:00,2026-03-06 10:00:00-05:00,24765.25,24918.5,24611.75,24918.75,6,1.0,,130.75,153.5,308.74,1852.44,1839.0,1831.56,target,1869.0,1212.0
2026-03-09,2026-03-09 10:45:00-04:00,2026-03-09 14:00:00-04:00,2026-03-09 10:40:00-04:00,24535.75,24611.5,24313.25,24758.25,4,1.0,,212.75,222.5,446.74,1786.96,606.0,601.04,time,1714.0,48.0
2026-03-10,2026-03-10 10:40:00-04:00,2026-03-10 14:00:00-04:00,2026-03-10 10:35:00-04:00,25091.5,25169.25,24945.5,25237.5,6,1.0,,135.5,146.0,293.74,1762.44,933.0,925.56,time,1515.0,219.0
2026-03-11,2026-03-11 10:05:00-04:00,2026-03-11 10:25:00-04:00,2026-03-11 10:00:00-04:00,25122.75,25014.5,25014.75,25230.75,9,1.0,,100.75,108.0,217.74,1959.66,-1948.5,-1959.66,stop,477.0,2592.0
2026-03-16,2026-03-16 10:25:00-04:00,2026-03-16 10:50:00-04:00,2026-03-16 10:20:00-04:00,24751.25,24622.75,24623.0,24879.5,7,1.0,,121.25,128.25,258.24,1807.68,-1799.0,-1807.68,stop,49.0,2086.0
2026-03-19,2026-03-19 11:05:00-04:00,2026-03-19 14:00:00-04:00,2026-03-19 11:00:00-04:00,24524.0,24453.0,24324.25,24723.75,4,1.0,,197.0,199.75,401.24,1604.96,-568.0,-572.96,time,430.0,1174.0
2026-03-23,2026-03-23 10:20:00-04:00,2026-03-23 11:50:00-04:00,2026-03-23 10:15:00-04:00,24643.0,24432.25,24432.5,24853.5,4,1.0,,175.75,210.5,422.74,1690.96,-1686.0,-1690.96,stop,376.0,1718.0
2026-03-24,2026-03-24 11:20:00-04:00,2026-03-24 14:00:00-04:00,2026-03-24 11:15:00-04:00,24333.5,24242.0,24134.75,24532.25,5,1.0,,182.25,198.75,399.24,1996.2,-915.0,-921.2,time,512.5,1732.5
2026-03-31,2026-03-31 12:40:00-04:00,2026-03-31 14:00:00-04:00,2026-03-31 12:35:00-04:00,23668.5,23760.0,23378.75,23958.25,3,1.0,,198.75,289.75,581.24,1743.72,549.0,545.28,time,1252.5,28.5
2026-04-01,2026-04-01 10:40:00-04:00,2026-04-01 14:00:00-04:00,2026-04-01 10:35:00-04:00,24214.25,24266.5,24043.5,24385.0,5,1.0,,151.0,170.75,343.24,1716.2,522.5,516.3,time,1347.5,462.5
2026-04-02,2026-04-02 10:10:00-04:00,2026-04-02 10:35:00-04:00,2026-04-02 10:05:00-04:00,23930.75,24183.25,23678.0,24183.5,3,1.0,,229.75,252.75,507.24,1521.72,1515.0,1511.28,target,2022.0,108.0
2026-04-09,2026-04-09 11:35:00-04:00,2026-04-09 12:00:00-04:00,2026-04-09 11:30:00-04:00,25122.0,25238.25,25005.5,25238.5,8,1.0,,107.25,116.5,234.74,1877.92,1860.0,1850.08,target,2280.0,520.0
2026-04-10,2026-04-10 11:25:00-04:00,2026-04-10 11:40:00-04:00,2026-04-10 11:20:00-04:00,25389.25,25289.75,25290.0,25488.5,9,1.0,,82.0,99.25,200.24,1802.16,-1791.0,-1802.16,stop,0.0,1867.5
2026-04-13,2026-04-13 10:05:00-04:00,2026-04-13 14:00:00-04:00,2026-04-13 10:00:00-04:00,25317.0,25404.25,25160.0,25474.0,6,1.0,,151.25,157.0,315.74,1894.44,1047.0,1039.56,time,1491.0,864.0
2026-04-14,2026-04-14 10:15:00-04:00,2026-04-14 11:50:00-04:00,2026-04-14 10:10:00-04:00,25775.5,25895.0,25655.75,25895.25,8,1.0,,108.0,119.75,241.24,1929.92,1912.0,1902.08,target,1988.0,208.0
2026-04-15,2026-04-15 10:05:00-04:00,2026-04-15 10:50:00-04:00,2026-04-15 10:00:00-04:00,26075.25,26167.5,25982.75,26167.75,10,1.0,,90.75,92.5,186.74,1867.4,1845.0,1832.6,target,1875.0,505.0
2026-04-16,2026-04-16 11:10:00-04:00,2026-04-16 14:00:00-04:00,2026-04-16 11:05:00-04:00,26465.25,26460.5,26275.75,26654.75,5,1.0,,177.75,189.5,380.74,1903.7,-47.5,-53.7,time,975.0,350.0
2026-04-17,2026-04-17 10:05:00-04:00,2026-04-17 11:30:00-04:00,2026-04-17 10:00:00-04:00,26750.25,26870.75,26629.5,26871.0,8,1.0,,109.5,120.75,243.24,1945.92,1928.0,1918.08,target,1976.0,820.0
2026-04-21,2026-04-21 10:10:00-04:00,2026-04-21 11:00:00-04:00,2026-04-21 10:05:00-04:00,26861.25,26726.0,26726.25,26996.25,7,1.0,,115.5,135.0,271.74,1902.18,-1893.5,-1902.18,stop,332.5,2663.5
2026-04-22,2026-04-22 10:15:00-04:00,2026-04-22 13:20:00-04:00,2026-04-22 10:10:00-04:00,26923.25,27038.5,26807.75,27038.75,8,1.0,,84.75,115.5,232.74,1861.92,1844.0,1834.08,target,2028.0,24.0
2026-04-23,2026-04-23 11:05:00-04:00,2026-04-23 13:05:00-04:00,2026-04-23 11:00:00-04:00,27105.75,26963.75,26964.0,27247.5,7,1.0,,138.5,141.75,285.24,1996.68,-1988.0,-1996.68,stop,703.5,2180.5
2026-04-24,2026-04-24 10:50:00-04:00,2026-04-24 11:45:00-04:00,2026-04-24 10:45:00-04:00,27261.5,27392.75,27130.0,27393.0,7,1.0,,130.25,131.5,264.74,1853.18,1837.5,1828.82,target,2191.0,206.5
2026-04-27,2026-04-27 13:35:00-04:00,2026-04-27 14:00:00-04:00,2026-04-27 13:30:00-04:00,27438.25,27428.5,27298.0,27578.5,7,1.0,,131.75,140.25,282.24,1975.68,-136.5,-145.18,time,24.5,308.0
2026-04-30,2026-04-30 13:40:00-04:00,2026-04-30 14:00:00-04:00,2026-04-30 13:35:00-04:00,27498.5,27543.0,27204.5,27792.5,3,1.0,,286.25,294.0,589.74,1769.22,267.0,263.28,time,529.5,51.0
2026-05-01,2026-05-01 10:05:00-04:00,2026-05-01 14:00:00-04:00,2026-05-01 10:00:00-04:00,27887.75,27883.25,27615.0,28160.5,3,1.0,,272.5,272.75,547.24,1641.72,-27.0,-30.72,time,178.5,817.5
2026-05-04,2026-05-04 10:20:00-04:00,2026-05-04 11:15:00-04:00,2026-05-04 10:15:00-04:00,27906.5,27808.0,27808.25,28004.75,10,1.0,,89.25,98.25,198.24,1982.4,-1970.0,-1982.4,stop,690.0,2675.0
2026-05-05,2026-05-05 10:30:00-04:00,2026-05-05 14:00:00-04:00,2026-05-05 10:25:00-04:00,28120.0,28159.0,27970.5,28269.5,6,1.0,,141.5,149.5,300.74,1804.44,468.0,460.56,time,684.0,582.0
2026-05-06,2026-05-06 10:45:00-04:00,2026-05-06 14:00:00-04:00,2026-05-06 10:40:00-04:00,28521.25,28599.75,28336.5,28706.0,5,1.0,,169.5,184.75,371.24,1856.2,785.0,778.8,time,892.5,90.0
2026-05-07,2026-05-07 10:05:00-04:00,2026-05-07 10:40:00-04:00,2026-05-07 10:00:00-04:00,28809.5,28910.75,28708.0,28911.0,9,1.0,,94.75,101.5,204.74,1842.66,1822.5,1811.34,target,1903.5,234.0
2026-05-08,2026-05-08 10:05:00-04:00,2026-05-08 14:00:00-04:00,2026-05-08 10:00:00-04:00,29116.25,29263.75,28863.5,29369.0,3,1.0,,247.25,252.75,507.24,1521.72,885.0,881.28,time,1227.0,259.5
2026-05-11,2026-05-11 11:50:00-04:00,2026-05-11 14:00:00-04:00,2026-05-11 11:45:00-04:00,29440.0,29441.75,29280.25,29599.75,6,1.0,,157.0,159.75,321.24,1927.44,21.0,13.56,time,486.0,867.0
2026-05-13,2026-05-13 10:55:00-04:00,2026-05-13 14:00:00-04:00,2026-05-13 10:50:00-04:00,29310.0,29444.25,29075.25,29544.75,4,1.0,,214.0,234.75,471.24,1884.96,1074.0,1069.04,time,1490.0,228.0
2026-05-14,2026-05-14 10:45:00-04:00,2026-05-14 14:00:00-04:00,2026-05-14 10:40:00-04:00,29686.25,29731.0,29454.0,29918.5,4,1.0,,230.75,232.25,466.24,1864.96,358.0,353.04,time,780.0,728.0
2026-05-15,2026-05-15 10:15:00-04:00,2026-05-15 14:00:00-04:00,2026-05-15 10:10:00-04:00,29301.5,29448.25,29089.5,29513.5,4,1.0,,202.25,212.0,425.74,1702.96,1174.0,1169.04,time,1308.0,720.0
2026-05-19,2026-05-19 13:10:00-04:00,2026-05-19 14:00:00-04:00,2026-05-19 13:05:00-04:00,29069.75,29069.25,28843.75,29295.75,4,1.0,,224.25,226.0,453.74,1814.96,-4.0,-8.96,time,452.0,488.0
2026-05-20,2026-05-20 10:30:00-04:00,2026-05-20 14:00:00-04:00,2026-05-20 10:25:00-04:00,29209.5,29301.75,29022.75,29396.25,5,1.0,,172.5,186.75,375.24,1876.2,922.5,916.3,time,1860.0,390.0
2026-05-21,2026-05-21 10:10:00-04:00,2026-05-21 10:20:00-04:00,2026-05-21 10:05:00-04:00,29321.0,29172.0,29172.25,29469.75,6,1.0,,142.5,148.75,299.24,1795.44,-1788.0,-1795.44,stop,27.0,2325.0
2026-05-22,2026-05-22 13:30:00-04:00,2026-05-22 14:00:00-04:00,2026-05-22 13:25:00-04:00,29736.25,29679.25,29531.5,29941.0,4,1.0,,186.75,204.75,411.24,1644.96,-456.0,-460.96,time,92.0,688.0
2026-05-26,2026-05-26 10:15:00-04:00,2026-05-26 14:00:00-04:00,2026-05-26 10:10:00-04:00,30029.0,29996.5,29826.5,30231.5,4,1.0,,179.75,202.5,406.74,1626.96,-260.0,-264.96,time,720.0,1148.0
2026-05-28,2026-05-28 10:15:00-04:00,2026-05-28 14:00:00-04:00,2026-05-28 10:10:00-04:00,30161.5,30319.25,29920.25,30402.75,4,1.0,,192.25,241.25,484.24,1936.96,1262.0,1257.04,time,1444.0,786.0
2026-06-01,2026-06-01 11:25:00-04:00,2026-06-01 13:40:00-04:00,2026-06-01 11:20:00-04:00,30477.75,30650.25,30305.0,30650.5,5,1.0,,162.25,172.75,347.24,1736.2,1725.0,1718.8,target,1892.5,277.5
2026-06-02,2026-06-02 10:05:00-04:00,2026-06-02 14:00:00-04:00,2026-06-02 10:00:00-04:00,30605.5,30628.0,30423.75,30787.25,5,1.0,,180.25,181.75,365.24,1826.2,225.0,218.8,time,1070.0,682.5
2026-06-04,2026-06-04 11:05:00-04:00,2026-06-04 13:50:00-04:00,2026-06-04 11:00:00-04:00,30369.75,30551.75,30187.5,30552.0,5,1.0,,177.0,182.25,366.24,1831.2,1820.0,1813.8,target,1857.5,77.5
2026-06-08,2026-06-08 10:40:00-04:00,2026-06-08 14:00:00-04:00,2026-06-08 10:35:00-04:00,29587.25,29558.5,29341.5,29833.0,4,1.0,,243.0,245.75,493.24,1972.96,-230.0,-234.96,time,1246.0,810.0
2026-06-10,2026-06-10 10:25:00-04:00,2026-06-10 11:10:00-04:00,2026-06-10 10:20:00-04:00,29217.75,28771.5,28771.75,29663.75,2,1.0,,390.5,446.0,893.74,1787.48,-1785.0,-1787.48,stop,133.0,1887.0
2026-06-11,2026-06-11 10:05:00-04:00,2026-06-11 10:55:00-04:00,2026-06-11 10:00:00-04:00,29039.5,28650.75,28651.0,29428.0,2,1.0,,363.75,388.5,778.74,1557.48,-1555.0,-1557.48,stop,0.0,1733.0
2026-06-12,2026-06-12 10:10:00-04:00,2026-06-12 14:00:00-04:00,2026-06-12 10:05:00-04:00,29578.75,29682.75,29231.25,29926.25,2,1.0,,271.25,347.5,696.74,1393.48,416.0,413.52,time,722.0,905.0
2026-06-15,2026-06-15 11:05:00-04:00,2026-06-15 14:00:00-04:00,2026-06-15 11:00:00-04:00,30502.5,30554.75,30305.0,30700.0,5,1.0,,191.5,197.5,396.74,1983.7,522.5,516.3,time,1097.5,65.0
2026-06-18,2026-06-18 10:25:00-04:00,2026-06-18 14:00:00-04:00,2026-06-18 10:20:00-04:00,30624.75,30708.25,30392.0,30857.5,4,1.0,,223.0,232.75,467.24,1868.96,668.0,663.04,time,904.0,1292.0
2026-06-22,2026-06-22 10:10:00-04:00,2026-06-22 10:25:00-04:00,2026-06-22 10:05:00-04:00,30950.75,30757.0,30757.25,31144.25,5,1.0,,180.5,193.5,388.74,1943.7,-1937.5,-1943.7,stop,170.0,2067.5
2026-06-23,2026-06-23 10:05:00-04:00,2026-06-23 14:00:00-04:00,2026-06-23 10:00:00-04:00,29986.25,29732.5,29616.5,30356.0,2,1.0,,317.5,369.75,741.24,1482.48,-1015.0,-1017.48,time,242.0,1165.0
2026-06-24,2026-06-24 11:00:00-04:00,2026-06-24 13:05:00-04:00,2026-06-24 10:55:00-04:00,29891.75,29563.75,29564.0,30219.5,3,1.0,,279.5,327.75,657.24,1971.72,-1968.0,-1971.72,stop,94.5,2088.0
2026-06-26,2026-06-26 10:05:00-04:00,2026-06-26 14:00:00-04:00,2026-06-26 10:00:00-04:00,29535.75,29544.5,29182.0,29889.5,2,1.0,,282.5,353.75,709.24,1418.48,35.0,32.52,time,726.0,507.0
2026-06-29,2026-06-29 12:00:00-04:00,2026-06-29 14:00:00-04:00,2026-06-29 11:55:00-04:00,29839.75,30003.75,29557.0,30122.5,3,1.0,,281.5,282.75,567.24,1701.72,984.0,980.28,time,1194.0,34.5
2026-06-30,2026-06-30 10:05:00-04:00,2026-06-30 14:00:00-04:00,2026-06-30 10:00:00-04:00,30391.75,30524.25,30034.25,30749.25,2,1.0,,333.5,357.5,716.74,1433.48,530.0,527.52,time,685.0,438.0
2026-07-01,2026-07-01 10:10:00-04:00,2026-07-01 14:00:00-04:00,2026-07-01 10:05:00-04:00,30296.75,30163.25,30087.25,30506.25,4,1.0,,200.25,209.5,420.74,1682.96,-1068.0,-1072.96,time,488.0,1282.0
2026-07-06,2026-07-06 10:15:00-04:00,2026-07-06 14:00:00-04:00,2026-07-06 10:10:00-04:00,30022.0,29896.25,29776.0,30268.0,4,1.0,,232.5,246.0,493.74,1974.96,-1006.0,-1010.96,time,576.0,1122.0
2026-07-08,2026-07-08 13:25:00-04:00,2026-07-08 14:00:00-04:00,2026-07-08 13:20:00-04:00,29420.0,29352.25,29201.75,29638.25,4,1.0,,197.25,218.25,438.24,1752.96,-542.0,-546.96,time,308.0,768.0
2026-07-09,2026-07-09 13:10:00-04:00,2026-07-09 14:00:00-04:00,2026-07-09 13:05:00-04:00,29942.25,29974.25,29671.5,30213.0,3,1.0,,259.0,270.75,543.24,1629.72,192.0,188.28,time,306.0,4.5
2026-07-10,2026-07-10 11:30:00-04:00,2026-07-10 14:00:00-04:00,2026-07-10 11:25:00-04:00,29979.5,30038.5,29796.5,30162.5,5,1.0,,172.0,183.0,367.74,1838.7,590.0,583.8,time,930.0,1457.5
2026-07-14,2026-07-14 11:10:00-04:00,2026-07-14 14:00:00-04:00,2026-07-14 11:05:00-04:00,29856.75,29862.75,29685.0,30028.5,5,1.0,,130.0,171.75,345.24,1726.2,60.0,53.8,time,392.5,1525.0
2026-07-17,2026-07-17 10:05:00-04:00,2026-07-17 12:50:00-04:00,2026-07-17 10:00:00-04:00,28718.0,29027.5,28408.25,29027.75,3,1.0,,277.25,309.75,621.24,1863.72,1857.0,1853.28,target,1864.5,276.0
2026-07-21,2026-07-21 11:10:00-04:00,2026-07-21 14:00:00-04:00,2026-07-21 11:05:00-04:00,29274.25,29341.5,29092.5,29456.0,5,1.0,,154.25,181.75,365.24,1826.2,672.5,666.3,time,892.5,200.0
2026-07-22,2026-07-22 11:10:00-04:00,2026-07-22 14:00:00-04:00,2026-07-22 11:05:00-04:00,29292.5,29244.0,29089.75,29495.25,4,1.0,,188.25,202.75,407.24,1628.96,-388.0,-392.96,time,400.0,484.0
2026-07-28,2026-07-28 11:40:00-04:00,2026-07-28 14:00:00-04:00,2026-07-28 11:35:00-04:00,28005.75,27974.25,27640.25,28371.25,2,1.0,,352.75,365.5,732.74,1465.48,-126.0,-128.48,time,296.0,325.0
2026-07-30,2026-07-30 10:05:00-04:00,2026-07-30 14:00:00-04:00,2026-07-30 10:00:00-04:00,28160.0,28177.5,27813.25,28506.75,2,1.0,,341.75,346.75,695.24,1390.48,70.0,67.52,time,343.0,658.0
2026-08-03,2026-08-03 10:25:00-04:00,2026-08-03 14:00:00-04:00,2026-08-03 10:20:00-04:00,28662.25,28917.25,28313.0,29011.5,2,1.0,,316.25,349.25,700.24,1400.48,1020.0,1017.52,time,1143.0,109.0
2026-08-04,2026-08-04 10:10:00-04:00,2026-08-04 13:35:00-04:00,2026-08-04 10:05:00-04:00,29518.5,29828.75,29208.0,29829.0,3,1.0,,296.5,310.5,622.74,1868.22,1861.5,1857.78,target,1978.5,217.5
2026-08-06,2026-08-06 10:10:00-04:00,2026-08-06 14:00:00-04:00,2026-08-06 10:05:00-04:00,29579.75,29528.5,29241.0,29918.5,2,1.0,,310.0,338.75,679.24,1358.48,-205.0,-207.48,time,426.0,524.0
2026-08-07,2026-08-07 11:30:00-04:00,2026-08-07 14:00:00-04:00,2026-08-07 11:25:00-04:00,29826.5,29743.25,29644.25,30008.75,5,1.0,,177.5,182.25,366.24,1831.2,-832.5,-838.7,time,285.0,1575.0
2026-08-10,2026-08-10 10:10:00-04:00,2026-08-10 14:00:00-04:00,2026-08-10 10:05:00-04:00,29875.0,29759.25,29719.0,30031.0,6,1.0,,122.25,156.0,313.74,1882.44,-1389.0,-1396.44,time,300.0,1737.0
2026-08-13,2026-08-13 10:15:00-04:00,2026-08-13 14:00:00-04:00,2026-08-13 10:10:00-04:00,30205.75,30204.75,29862.75,30548.75,2,1.0,,318.25,343.0,687.74,1375.48,-4.0,-6.48,time,245.0,407.0
2026-08-17,2026-08-17 11:05:00-04:00,2026-08-17 13:05:00-04:00,2026-08-17 11:00:00-04:00,30269.0,30165.0,30165.25,30372.75,9,1.0,,100.5,103.75,209.24,1883.16,-1872.0,-1883.16,stop,319.5,2052.0
2026-08-27,2026-08-27 10:30:00-04:00,2026-08-27 14:00:00-04:00,2026-08-27 10:25:00-04:00,29607.0,29611.5,29424.0,29790.0,5,1.0,,181.0,183.0,367.74,1838.7,45.0,38.8,time,712.5,962.5
2026-08-28,2026-08-28 10:45:00-04:00,2026-08-28 11:55:00-04:00,2026-08-28 10:40:00-04:00,29735.0,29562.25,29562.5,29907.5,5,1.0,,141.5,172.5,346.74,1733.7,-1727.5,-1733.7,stop,767.5,1902.5
2026-09-01,2026-09-01 10:25:00-04:00,2026-09-01 11:40:00-04:00,2026-09-01 10:20:00-04:00,29161.0,29281.75,29040.0,29282.0,8,1.0,,117.75,121.0,243.74,1949.92,1932.0,1922.08,target,2072.0,96.0
2026-09-02,2026-09-02 10:15:00-04:00,2026-09-02 14:00:00-04:00,2026-09-02 10:10:00-04:00,29127.75,29159.0,29017.25,29238.25,8,1.0,,101.75,110.5,222.74,1781.92,500.0,490.08,time,1344.0,344.0
2026-09-03,2026-09-03 11:05:00-04:00,2026-09-03 14:00:00-04:00,2026-09-03 11:00:00-04:00,29437.0,29543.25,29199.25,29674.75,4,1.0,,176.0,237.75,477.24,1908.96,850.0,845.04,time,1132.0,120.0
2026-09-09,2026-09-09 10:05:00-04:00,2026-09-09 11:10:00-04:00,2026-09-09 10:00:00-04:00,29578.25,29416.75,29417.0,29739.5,6,1.0,,150.0,161.25,324.24,1945.44,-1938.0,-1945.44,stop,189.0,2301.0
2026-09-10,2026-09-10 10:25:00-04:00,2026-09-10 14:00:00-04:00,2026-09-10 10:20:00-04:00,29230.25,29185.75,29057.75,29402.75,5,1.0,,146.0,172.5,346.74,1733.7,-445.0,-451.2,time,450.0,967.5
2026-09-11,2026-09-11 11:30:00-04:00,2026-09-11 14:00:00-04:00,2026-09-11 11:25:00-04:00,29485.25,29452.25,29347.25,29623.25,7,1.0,,127.75,138.0,277.74,1944.18,-462.0,-470.68,time,199.5,1305.5
2026-09-14,2026-09-14 10:10:00-04:00,2026-09-14 12:45:00-04:00,2026-09-14 10:05:00-04:00,29065.0,29249.25,28880.5,29249.5,5,1.0,,165.75,184.5,370.74,1853.7,1842.5,1836.3,target,2117.5,1092.5
2026-09-17,2026-09-17 11:50:00-04:00,2026-09-17 14:00:00-04:00,2026-09-17 11:45:00-04:00,29741.0,29742.25,29605.75,29876.25,7,1.0,,132.0,135.25,272.24,1905.68,17.5,8.82,time,364.0,521.5
2026-09-21,2026-09-21 10:15:00-04:00,2026-09-21 12:10:00-04:00,2026-09-21 10:10:00-04:00,30437.75,30658.75,30216.5,30659.0,4,1.0,,206.25,221.25,444.24,1776.96,1768.0,1763.04,target,1790.0,2.0
2026-09-22,2026-09-22 10:15:00-04:00,2026-09-22 14:00:00-04:00,2026-09-22 10:10:00-04:00,30960.75,30977.25,30763.25,31158.25,5,1.0,,184.0,197.5,396.74,1983.7,165.0,158.8,time,370.0,772.5
2026-09-24,2026-09-24 10:30:00-04:00,2026-09-24 12:40:00-04:00,2026-09-24 10:25:00-04:00,30630.5,30770.5,30490.25,30770.75,7,1.0,,132.5,140.25,282.24,1975.68,1960.0,1951.32,target,2579.5,1802.5
