date,cum_pnl_usd
2021-01-04,-3721.7109854438327
2021-01-07,-3626.3109854438326
2021-01-25,-350.9109854438325
2021-01-27,3517.775256804127
2021-01-29,4598.175256804127
2021-02-10,6608.575256804126
2021-02-23,10435.019685595955
2021-02-24,9815.419685595954
2021-02-25,6257.060000351514
2021-03-02,5517.460000351513
2021-03-03,2917.8600003515135
2021-03-04,3378.2600003515136
2021-03-05,7892.7977919069535
2021-03-08,5303.197791906954
2021-03-09,5863.597791906954
2021-03-10,5558.997791906953
2021-03-17,5154.397791906953
2021-03-18,4509.797791906953
2021-03-22,5095.197791906952
2021-03-24,2830.5977919069524
2021-03-26,2040.9977919069524
2021-03-31,2951.3977919069525
2021-04-05,2661.7977919069526
2021-04-14,2192.1977919069527
2021-04-20,3717.597791906953
2021-04-21,3562.997791906953
2021-04-22,3623.397791906953
2021-04-23,3893.797791906953
2021-04-29,5229.197791906953
2021-05-04,5659.597791906953
2021-05-10,2774.807050657309
2021-05-11,1430.207050657309
2021-05-19,55.60705065730917
2021-05-20,11.007050657309172
2021-05-24,901.4070506573091
2021-06-01,1841.807050657309
2021-06-04,1807.207050657309
2021-06-16,3617.607050657309
2021-06-17,2403.0070506573093
2021-07-08,2833.4070506573094
2021-07-15,3863.8070506573094
2021-07-16,3909.2070506573095
2021-07-27,4204.60705065731
2021-08-16,7125.306078015688
2021-08-19,8140.706078015688
2021-08-23,8101.106078015688
2021-08-30,8416.506078015687
2021-09-10,8331.906078015687
2021-09-20,10922.306078015687
2021-09-28,9722.706078015686
2021-10-04,9243.106078015686
2021-10-05,10433.506078015685
2021-10-06,9738.906078015685
2021-10-18,8689.306078015685
2021-10-22,10019.706078015684
2021-10-29,9130.106078015684
2021-11-04,9100.506078015684
2021-11-09,9470.906078015683
2021-11-10,10631.306078015683
2021-11-22,9346.706078015683
2021-11-23,12877.106078015682
2021-11-26,12517.506078015682
2021-11-30,13327.906078015681
2021-12-01,9688.306078015681
2021-12-03,8993.70607801568
2021-12-13,8194.10607801568
2021-12-15,5224.50607801568
2021-12-16,1242.0579072154364
2021-12-27,647.4579072154364
2022-01-04,-2819.99684969069
2022-01-05,-6285.994900020789
2022-01-06,-3675.594900020789
2022-01-07,-3005.1949000207887
2022-01-10,614.6172332940109
2022-01-11,-769.982766705989
2022-01-13,-4325.452346607581
2022-01-14,-4410.052346607581
2022-01-19,-4439.652346607581
2022-01-20,-6304.252346607582
2022-01-21,-7958.852346607582
2022-01-24,-2815.3667738651257
2022-01-26,-3259.9667738651256
2022-01-27,-4239.5667738651255
2022-01-28,-6029.166773865125
2022-01-31,-9148.766773865125
2022-02-02,-5838.366773865126
2022-02-03,-5692.966773865126
2022-02-04,-4452.566773865126
2022-02-08,-4597.166773865127
2022-02-10,-904.4983347212451
2022-02-11,-5347.518232313785
2022-02-17,-6787.1182323137855
2022-02-18,-5671.718232313786
2022-02-23,-10281.318232313786
2022-02-24,-15405.339304304332
2022-03-03,-16099.939304304333
2022-03-07,-20729.539304304333
2022-03-08,-14642.73677168894
2022-03-11,-17357.33677168894
2022-03-15,-17951.93677168894
2022-03-16,-19566.536771688938
2022-03-17,-19816.136771688936
2022-03-22,-20715.736771688935
2022-03-24,-21175.336771688933
2022-03-28,-21939.936771688932
2022-03-31,-22404.53677168893
2022-04-04,-24074.13677168893
2022-04-05,-25913.736771688928
2022-04-06,-22059.29295521583
2022-04-12,-22713.89295521583
2022-04-13,-23738.49295521583
2022-04-14,-26323.092955215827
2022-04-19,-28947.692955215825
2022-04-20,-29947.292955215824
2022-04-21,-33590.16543363106
2022-04-22,-36914.76543363106
2022-04-25,-36984.36543363106
2022-04-26,-41033.965433631056
2022-04-28,-40643.565433631054
2022-04-29,-44258.16543363105
2022-05-04,-47932.76543363105
2022-05-05,-52220.45979163816
2022-05-09,-52385.05979163816
2022-05-10,-46928.58152382637
2022-05-11,-47258.181523826366
2022-05-12,-42435.60000952004
2022-05-13,-42635.20000952004
2022-05-18,-46716.84042068788
2022-05-20,-51178.44993393869
2022-05-24,-46953.121076521034
2022-05-25,-47057.72107652103
2022-05-26,-51330.276288041016
2022-05-27,-52299.876288041014
2022-06-01,-51704.47628804101
2022-06-02,-55424.07628804101
2022-06-06,-54263.67628804101
2022-06-07,-55288.27628804101
2022-06-09,-56852.87628804101
2022-06-10,-56987.476288041005
2022-06-13,-56322.076288041004
2022-06-15,-54241.676288041
2022-06-16,-53256.276288041
2022-06-22,-50540.876288041
2022-06-24,-52005.476288041
2022-06-28,-55645.076288041
2022-07-05,-58694.676288040995
2022-07-07,-59034.276288040994
2022-07-11,-58368.87628804099
2022-07-12,-57738.47628804099
2022-07-13,-58023.07628804099
2022-07-18,-58562.67628804099
2022-07-19,-58882.27628804099
2022-07-20,-58641.876288040985
2022-07-22,-58431.47628804098
2022-07-26,-58141.07628804098
2022-07-27,-60100.67628804098
2022-07-29,-59880.27628804098
2022-08-01,-57744.87628804098
2022-08-02,-55104.476288040976
2022-08-03,-56769.076288040975
2022-08-05,-53240.19283183223
2022-08-11,-53164.79283183223
2022-08-12,-53229.39283183223
2022-08-15,-52918.99283183223
2022-08-19,-52323.592831832226
2022-08-22,-52213.192831832224
2022-08-26,-55835.08425037438
2022-08-30,-55804.684250374376
2022-09-02,-57649.284250374374
2022-09-07,-58003.88425037437
2022-09-08,-54238.707484692844
2022-09-09,-54003.30748469284
2022-09-13,-56887.90748469284
2022-09-19,-57032.50748469284
2022-09-21,-58062.10748469284
2022-09-23,-55846.70748469284
2022-09-28,-55661.307484692836
2022-09-29,-54390.907484692834
2022-10-03,-53685.50748469283
2022-10-05,-52435.10748469283
2022-10-07,-52999.70748469283
2022-10-10,-51179.30748469283
2022-10-13,-55644.5287319566
2022-10-14,-59664.128731956596
2022-10-18,-59013.728731956595
2022-10-20,-54722.376536441065
2022-10-21,-56761.97653644106
2022-10-26,-52662.25346263462
2022-10-28,-56546.51184934079
2022-11-01,-58066.11184934079
2022-11-02,-61764.9495272745
2022-11-04,-58294.894414461334
2022-11-09,-58459.49441446133
2022-11-10,-60109.09441446133
2022-11-11,-60988.69441446133
2022-11-15,-59463.29441446133
2022-11-17,-59177.89441446133
2022-11-18,-58117.494414461326
2022-11-30,-61313.0340961833
2022-12-02,-61677.6340961833
2022-12-05,-61142.234096183296
2022-12-06,-62796.834096183295
2022-12-13,-66643.99385249686
2022-12-14,-63302.69469969226
2022-12-15,-64727.29469969226
2022-12-19,-64656.89469969226
2022-12-21,-64006.49469969226
2022-12-22,-66853.86547775313
2022-12-27,-66448.46547775314
2022-12-29,-66138.06547775315
2023-01-03,-66367.66547775315
2023-01-04,-63198.95860453669
2023-01-06,-64578.55860453669
2023-01-09,-61611.63981363191
2023-01-11,-61686.23981363191
2023-01-12,-58647.843121834056
2023-01-13,-59552.443121834054
2023-01-18,-60992.04312183405
2023-01-20,-63001.64312183405
2023-01-23,-64636.24312183405
2023-01-25,-65010.84312183405
2023-01-27,-65680.44312183405
2023-01-31,-66065.04312183405
2023-02-01,-69047.78237985582
2023-02-02,-69572.38237985583
2023-02-03,-72554.20132588285
2023-02-07,-69507.88476651757
2023-02-08,-69942.48476651758
2023-02-09,-73103.54671799392
2023-02-14,-69921.56056697092
2023-02-15,-70541.16056697092
2023-02-16,-67679.2931901973
2023-02-23,-64253.05297897696
2023-03-02,-65207.652978976956
2023-03-03,-65777.25297897696
2023-03-07,-65891.85297897697
2023-03-09,-67556.45297897697
2023-03-10,-67571.05297897698
2023-03-13,-66490.65297897698
2023-03-15,-66210.25297897699
2023-03-16,-69494.852978977
2023-03-22,-66042.0145258739
2023-03-31,-67106.61452587391
2023-04-05,-65791.21452587392
2023-04-06,-65810.81452587392
2023-04-12,-66565.41452587393
2023-04-13,-67075.01452587394
2023-04-20,-64383.040037919294
2023-04-25,-65227.64003791929
2023-04-27,-65922.2400379193
2023-05-02,-65486.8400379193
2023-05-05,-65861.4400379193
2023-05-12,-64351.040037919294
2023-05-18,-66090.6400379193
2023-05-26,-69485.67982551265
2023-05-30,-68515.27982551265
2023-06-01,-68724.87982551266
2023-06-07,-71305.95699399646
2023-06-08,-71915.55699399646
2023-06-12,-72945.15699399647
2023-06-15,-75575.39839525956
2023-06-21,-75899.99839525956
2023-06-22,-77969.59839525957
2023-06-26,-78904.19839525958
2023-06-27,-80048.79839525958
2023-06-28,-79473.39839525959
2023-07-05,-78137.9983952596
2023-07-13,-78052.5983952596
2023-07-17,-77492.1983952596
2023-07-18,-77916.79839525961
2023-07-20,-80676.33262356813
2023-07-21,-80675.93262356814
2023-07-25,-79495.53262356814
2023-07-27,-82141.52572574095
2023-07-28,-81491.12572574096
2023-08-02,-82550.72572574097
2023-08-03,-80870.32572574097
2023-08-04,-80789.92572574098
2023-08-08,-78259.52572574098
2023-08-09,-78754.12572574099
2023-08-10,-77568.725725741
2023-08-14,-78843.325725741
2023-08-15,-78352.925725741
2023-08-17,-79527.52572574101
2023-08-18,-78507.12572574102
2023-08-21,-78836.72572574102
2023-08-23,-79301.32572574103
2023-08-24,-82403.40777006808
2023-08-29,-85282.4416399382
2023-09-01,-84737.04163993821
2023-09-06,-83996.64163993821
2023-09-20,-86541.24163993822
2023-09-28,-86445.84163993823
2023-09-29,-85810.44163993823
2023-10-02,-82541.94017697238
2023-10-03,-82436.54017697238
2023-10-04,-82101.14017697239
2023-10-05,-78625.75204843917
2023-10-06,-82073.30896015484
2023-10-09,-82307.90896015485
2023-10-10,-80292.50896015485
2023-10-12,-78732.10896015486
2023-10-13,-79931.70896015487
2023-10-17,-78636.30896015487
2023-10-19,-78950.90896015488
2023-10-20,-78955.50896015488
2023-10-23,-76875.10896015489
2023-10-25,-78639.7089601549
2023-10-26,-79399.3089601549
2023-11-01,-80413.9089601549
2023-11-03,-79918.50896015491
2023-11-09,-80028.10896015492
2023-11-10,-82452.70896015492
2023-11-20,-83282.30896015493
2023-11-29,-83116.90896015493
2023-11-30,-81476.50896015494
2023-12-04,-78967.01968839612
2023-12-05,-78711.61968839612
2023-12-06,-80301.21968839613
2023-12-08,-80210.81968839614
2023-12-11,-80750.41968839614
2023-12-12,-80765.01968839615
2023-12-13,-81589.61968839615
2023-12-14,-80294.21968839616
2023-12-20,-81858.81968839616
2023-12-29,-80588.41968839617
2024-01-02,-80643.01968839618
2024-01-08,-83434.84216175227
2024-01-09,-83949.44216175227
2024-01-10,-83249.04216175228
2024-01-11,-80548.17776041025
2024-01-19,-82507.77776041026
2024-01-25,-81257.37776041027
2024-01-29,-81491.97776041027
2024-01-31,-81751.57776041028
2024-02-02,-83141.17776041028
2024-02-05,-80063.27133985238
2024-02-06,-78542.87133985238
2024-02-09,-78262.47133985239
2024-02-13,-75183.33083379314
2024-02-16,-75577.93083379314
2024-02-20,-73032.53083379315
2024-02-22,-72517.13083379316
2024-03-01,-74211.73083379316
2024-03-05,-75146.33083379317
2024-03-07,-74370.93083379317
2024-03-08,-76600.53083379318
2024-03-14,-75340.13083379318
2024-03-20,-75399.73083379319
2024-03-27,-73284.3308337932
2024-04-03,-72418.9308337932
2024-04-04,-75780.98720518197
2024-04-05,-75010.58720518198
2024-04-09,-71950.18720518198
2024-04-11,-72519.78720518199
2024-04-12,-71409.38720518199
2024-04-15,-75422.74842879183
2024-04-17,-77297.34842879184
2024-04-19,-79601.94842879185
2024-04-23,-79311.54842879185
2024-04-25,-80051.14842879186
2024-04-26,-79435.74842879186
2024-04-30,-81475.34842879187
2024-05-01,-78039.10271054502
2024-05-02,-74644.4333048084
2024-05-08,-73529.0333048084
2024-05-15,-74063.6333048084
2024-05-20,-73703.23330480841
2024-05-23,-76656.91824480772
2024-05-24,-75856.51824480772
2024-05-30,-75481.11824480773
2024-05-31,-78886.95332769102
2024-06-03,-76551.55332769103
2024-06-05,-78006.15332769103
2024-06-11,-78595.75332769104
2024-06-12,-77155.35332769105
2024-06-17,-78489.95332769105
2024-06-20,-79084.55332769106
2024-06-24,-79289.15332769106
2024-06-28,-76208.69145783412
2024-07-02,-78568.29145783413
2024-07-03,-79527.89145783414
2024-07-05,-79977.49145783414
2024-07-11,-83374.80199298724
2024-07-12,-81729.40199298724
2024-07-15,-78508.61854473878
2024-07-16,-76003.21854473879
2024-07-17,-77912.8185447388
2024-07-18,-78922.4185447388
2024-07-19,-77857.0185447388
2024-07-24,-81514.03898930774
2024-07-25,-77160.948564913
2024-07-30,-81209.4474762354
2024-08-01,-85248.47459786423
2024-08-02,-82518.07459786424
2024-08-05,-87707.88174075475
2024-08-07,-90862.48174075475
2024-08-08,-90307.08174075476
2024-08-13,-90966.68174075476
2024-08-15,-91686.28174075477
2024-08-19,-93105.88174075478
2024-08-22,-97219.62393449686
2024-08-26,-96679.22393449687
2024-08-28,-96798.82393449688
2024-09-03,-100629.38979056379
2024-09-05,-95570.94836604709
2024-09-06,-100331.54777806821
2024-09-11,-95802.38285589842
2024-09-12,-95351.98285589843
2024-09-26,-94401.58285589844
2024-10-01,-98684.86271484893
2024-10-15,-99279.46271484894
2024-10-23,-98739.06271484894
2024-10-31,-100368.66271484895
2024-11-07,-100158.26271484896
2024-11-15,-101657.86271484896
2024-11-19,-102507.46271484897
2024-11-20,-98247.13900879254
2024-11-21,-93748.43802314729
2024-11-25,-92343.0380231473
2024-11-27,-90702.6380231473
2024-11-29,-90242.2380231473
2024-12-02,-90151.83802314731
2024-12-09,-89251.43802314732
2024-12-11,-89451.03802314732
2024-12-16,-89860.63802314733
2024-12-18,-94270.13965330896
2024-12-27,-92709.73965330896
2024-12-31,-92669.33965330897
