date,qqq_open,prev_vix_close,em_points,upper_band,lower_band,short_call_strike,long_call_strike,short_put_strike,long_put_strike,entry_credit,exit_cost,pnl_usd
2021-01-04,315.1,22.75,4.515746289797452,319.61574628979747,310.5842537102026,320.0,322.0,310.0,308.0,0.8800000000000002,1.3200000000000005,-49.20000000000001
2021-01-05,309.26,26.97,5.25417371688137,314.5141737168814,304.0058262831186,315.0,317.0,304.0,302.0,0.8599999999999999,1.03,-22.200000000000017
2021-01-06,305.46,25.34,4.875966212715999,310.33596621271596,300.584033787284,311.0,313.0,300.0,298.0,1.34,1.11,17.799999999999976
2021-01-07,309.25,25.07,4.883866363136757,314.13386636313675,304.36613363686325,315.0,317.0,304.0,302.0,0.42,1.16,-79.19999999999999
2021-01-08,316.14,22.37,4.454973886134928,320.59497388613494,311.68502611386504,321.0,323.0,311.0,309.0,-0.07,0.01,-13.200000000000005
2021-01-11,318.07,21.56,4.319875146819613,322.38987514681963,313.75012485318035,323.0,325.0,313.0,311.0,1.0100000000000002,1.0500000000000005,-9.200000000000005
2021-01-12,315.23,24.08,4.781715731844841,320.01171573184484,310.4482842681552,321.0,323.0,310.0,308.0,0.83,0.3399999999999999,43.8
2021-01-13,314.81,23.33,4.6266110180027535,319.43661101800274,310.18338898199727,320.0,322.0,310.0,308.0,0.45,0.41,-1.200000000000002
2021-01-14,316.09,22.21,4.422410419956896,320.5124104199569,311.66758958004306,321.0,323.0,311.0,309.0,0.29,0.29,-5.2
2021-01-15,314.21,23.25,4.6019584112388845,318.8119584112389,309.60804158876107,319.0,321.0,309.0,307.0,0.15,0.01,8.799999999999997
2021-01-19,314.58,24.34,4.823379259657278,319.40337925965724,309.7566207403427,320.0,322.0,309.0,307.0,0.78,0.84,-11.199999999999996
2021-01-20,318.45,23.24,4.662051927713804,323.11205192771376,313.7879480722862,324.0,326.0,313.0,311.0,0.39,0.8899999999999999,-55.19999999999999
2021-01-21,325.3,21.58,4.422167955747462,329.72216795574747,320.87783204425256,330.0,332.0,320.0,318.0,0.19,0.2,-6.200000000000001
2021-01-22,325.21,21.32,4.367680093365821,329.5776800933658,320.84231990663415,330.0,332.0,320.0,318.0,0.08,-0.03,5.8
2021-01-25,328.36,21.91,4.532025597614431,332.89202559761446,323.82797440238556,333.0,335.0,323.0,321.0,1.3,0.8500000000000001,39.79999999999999
2021-01-26,327.59,23.19,4.785541803211034,332.37554180321104,322.8044581967889,332.5,335.0,322.5,320.0,1.19,1.48,-34.2
2021-01-27,329.94,23.02,4.784538118552958,334.72453811855297,325.155461881447,335.0,337.0,325.0,323.0,1.1100000000000003,2.2500000000000004,-119.20000000000002
2021-01-28,315.46,37.21,7.394412915851355,322.85441291585136,308.0655870841486,323.0,325.0,308.0,306.0,1.13,1.1799999999999995,-10.199999999999982
2021-01-29,317.56,30.21,6.043329141757594,323.60332914175757,311.51667085824243,324.0,326.0,311.0,309.0,0.71,-0.01,66.8
2021-02-01,317.68,33.09,6.621957221274258,324.3019572212743,311.05804277872573,325.0,327.0,311.0,309.0,-0.8899999999999997,0.9399999999999998,-188.19999999999996
2021-02-02,324.86,30.24,6.188391150569589,331.0483911505696,318.6716088494304,332.0,334.0,318.0,316.0,0.61,0.59,-3.1999999999999984
2021-02-03,330.28,25.56,5.3179329217977696,335.59793292179774,324.9620670782022,336.0,338.0,324.0,322.0,0.5999999999999999,0.47,7.799999999999989
2021-02-04,327.72,22.91,4.72963651106153,332.44963651106156,322.9903634889385,332.5,335.0,322.5,320.0,0.35,0.5,-20.199999999999996
2021-02-05,331.02,21.77,4.53954570475758,335.55954570475757,326.4804542952424,336.0,338.0,326.0,324.0,0.0299999999999999,0.01,-3.200000000000001
2021-02-08,332.53,20.87,4.371726769996093,336.90172676999606,328.1582732300039,337.0,339.0,328.0,326.0,1.0499999999999998,0.49,50.79999999999998
2021-02-10,335.3,21.63,4.568670135189779,339.8686701351898,330.7313298648102,340.0,342.0,330.0,328.0,0.3799999999999999,0.4600000000000001,-13.200000000000014
2021-02-11,333.66,21.99,4.621991095255083,338.2819910952551,329.03800890474497,339.0,341.0,329.0,327.0,0.42,0.18,18.800000000000004
2021-02-12,333.56,21.25,4.465114798933923,338.02511479893394,329.09488520106606,339.0,341.0,329.0,327.0,0.15,-0.01,10.8
2021-02-16,337.9,19.97,4.250754137889104,342.15075413788907,333.6492458621109,343.0,345.0,333.0,331.0,0.5599999999999999,0.3899999999999999,11.800000000000004
2021-02-17,335.83,21.46,4.539927700851635,340.36992770085163,331.29007229914833,341.0,343.0,331.0,329.0,0.5899999999999997,0.5000000000000001,3.799999999999964
2021-02-18,332.75,21.5,4.506675142445229,337.2566751424452,328.2433248575548,338.0,340.0,328.0,326.0,0.53,0.19,28.8
2021-02-19,332.67,22.49,4.713058422328635,337.38305842232865,327.9569415776714,338.0,340.0,327.0,325.0,0.13,0.0099999999999999,6.800000000000002
2021-02-22,326.32,22.05,4.5326482310896345,330.85264823108963,321.78735176891036,331.0,333.0,321.0,319.0,1.31,1.1699999999999997,8.800000000000036
2021-02-23,321.72,23.45,4.752483707525992,326.472483707526,316.96751629247404,327.0,329.0,316.0,314.0,1.2100000000000002,1.08,7.800000000000011
2021-02-24,321.6,23.11,4.681830808586378,326.2818308085864,316.91816919141365,327.0,329.0,316.0,314.0,1.14,0.78,30.800000000000008
2021-02-25,322.8,21.34,4.339379877461097,327.1393798774611,318.4606201225389,327.5,330.0,318.0,316.0,0.48,1.98,-155.20000000000002
2021-02-26,314.28,28.89,5.719578380898917,319.99957838089887,308.5604216191011,320.0,322.0,308.0,306.0,0.83,-0.02,79.8
2021-03-01,319.66,27.95,5.628204083679202,325.2882040836792,314.03179591632085,326.0,328.0,314.0,312.0,1.25,1.02,17.8
2021-03-02,321.26,23.35,4.725451058475584,325.9854510584756,316.5345489415244,326.0,328.0,316.0,314.0,1.0799999999999996,0.8600000000000001,16.799999999999955
2021-03-03,320.73,24.1,4.869185908034686,325.5991859080347,315.8608140919653,326.0,328.0,315.0,313.0,0.54,1.4600000000000002,-97.20000000000002
2021-03-04,308.62,26.67,5.184976737091787,313.8049767370918,303.4350232629082,314.0,316.0,303.0,301.0,1.31,0.4300000000000001,82.79999999999998
2021-03-05,302.52,28.57,5.4445759659110795,307.9645759659111,297.0754240340889,308.0,310.0,297.0,295.0,0.3999999999999999,0.85,-50.20000000000001
2021-03-08,303.99,24.66,4.722283968168083,308.7122839681681,299.2677160318319,309.0,311.0,299.0,297.0,1.9199999999999997,1.3299999999999996,53.79999999999998
2021-03-09,305.18,25.47,4.89648854970698,310.076488549707,300.283511450293,311.0,313.0,300.0,298.0,1.53,0.7600000000000003,71.79999999999997
2021-03-10,312.17,24.03,4.725466240048584,316.8954662400486,307.4445337599514,317.0,319.0,307.0,305.0,1.47,0.75,66.8
2021-03-11,316.22,22.56,4.4939492046271665,320.71394920462717,311.7260507953729,321.0,323.0,311.0,309.0,0.5700000000000001,0.43,8.800000000000008
2021-03-12,312.89,21.91,4.318508616267448,317.2085086162674,308.57149138373256,317.5,320.0,308.0,306.0,0.37,-0.01,32.8
2021-03-15,314.55,20.69,4.099679533234557,318.6496795332346,310.45032046676545,319.0,321.0,310.0,308.0,1.1,1.31,-26.199999999999996
2021-03-16,320.1,20.03,4.038930248398968,324.138930248399,316.06106975160105,325.0,327.0,316.0,314.0,0.56,1.05,-54.2
2021-03-19,314.13,21.58,4.270321610633108,318.4003216106331,309.8596783893669,319.0,321.0,309.0,307.0,0.48000000000000004,0.0,42.800000000000004
2021-03-22,314.34,20.95,4.148426556229739,318.48842655622974,310.1915734437702,319.0,321.0,310.0,308.0,1.54,1.1700000000000002,31.799999999999986
2021-03-23,318.09,18.88,3.7831340981070927,321.8731340981071,314.3068659018929,322.0,324.0,314.0,312.0,1.19,0.9599999999999999,17.80000000000001
2021-03-24,317.91,20.3,4.065368863285963,321.975368863286,313.84463113671404,322.0,324.0,313.0,311.0,1.17,0.96,15.799999999999997
2021-03-25,312.12,21.2,4.16828291981928,316.28828291981927,307.95171708018074,317.0,319.0,307.5,305.0,0.33999999999999997,0.6900000000000001,-40.20000000000001
2021-03-26,312.36,19.81,3.8979801150888393,316.25798011508886,308.4620198849112,317.0,319.0,308.0,306.0,0.21999999999999997,0.03,13.799999999999997
2021-03-29,314.18,18.86,3.7326730692208927,317.9126730692209,310.4473269307791,318.0,320.0,310.0,308.0,1.08,0.9799999999999999,4.800000000000019
2021-03-30,314.12,20.74,4.10396898904466,318.2239689890447,310.0160310109553,319.0,321.0,310.0,308.0,0.4500000000000001,0.4,-0.1999999999999904
2021-03-31,314.5,19.61,3.885062171318487,318.3850621713185,310.6149378286815,319.0,321.0,310.0,308.0,0.31,0.08000000000000002,17.8
2021-04-01,322.14,19.4,3.936825035837889,326.0768250358379,318.2031749641621,327.0,329.0,318.0,316.0,0.26,0.0,20.8
2021-04-05,324.8,17.33,3.5458006304046163,328.34580063040465,321.25419936959537,329.0,331.0,321.0,319.0,1.3000000000000003,1.5599999999999996,-31.199999999999935
2021-04-06,330.0,17.91,3.723139041377393,333.7231390413774,326.2768609586226,334.0,336.0,326.0,324.0,0.6399999999999999,0.99,-40.20000000000001
2021-04-07,331.28,18.12,3.7814045326786028,335.0614045326786,327.49859546732137,336.0,338.0,327.0,325.0,0.5500000000000002,0.45000000000000007,4.800000000000009
2021-04-08,334.01,17.16,3.6105759298126228,337.6205759298126,330.39942407018737,338.0,340.0,330.0,328.0,0.38,0.32,0.7999999999999998
2021-04-09,334.97,16.95,3.5766409565501984,338.5466409565502,331.39335904344983,339.0,341.0,331.0,329.0,0.18,0.0,12.8
2021-04-12,336.85,16.69,3.541543805527351,340.39154380552736,333.3084561944727,341.0,343.0,333.0,331.0,0.83,0.86,-8.200000000000003
2021-04-13,336.61,16.91,3.585670275834074,340.19567027583406,333.02432972416597,341.0,343.0,333.0,331.0,0.32000000000000006,0.7999999999999999,-53.19999999999999
2021-04-14,340.61,16.65,3.572492796458922,344.1824927964589,337.0375072035411,345.0,347.0,337.0,335.0,0.76,0.6200000000000001,8.79999999999999
2021-04-15,338.38,16.99,3.621577593704817,342.00157759370484,334.75842240629515,343.0,345.0,334.0,332.0,0.44999999999999996,0.44,-4.200000000000005
2021-04-16,340.56,16.57,3.5548057599622194,344.1148057599622,337.0051942400378,345.0,347.0,337.0,335.0,0.19999999999999998,0.01,13.799999999999997
2021-04-19,342.34,16.25,3.5043763541035933,345.8443763541036,338.83562364589636,346.0,348.0,338.0,336.0,0.8200000000000001,0.9599999999999997,-19.199999999999967
2021-04-20,339.17,17.29,3.6941298271153826,342.8641298271154,335.47587017288464,343.0,345.0,335.0,333.0,0.6899999999999998,0.9800000000000001,-34.200000000000024
2021-04-21,335.44,18.68,3.9472210746561656,339.38722107465617,331.4927789253438,340.0,342.0,331.0,329.0,0.99,0.5899999999999999,34.80000000000001
2021-04-22,339.22,17.5,3.7395489989138766,342.95954899891393,335.4804510010861,343.0,345.0,335.0,333.0,0.5599999999999999,0.6000000000000001,-9.200000000000014
2021-04-23,336.05,18.71,3.9607498720089795,340.010749872009,332.089250127991,341.0,343.0,332.0,330.0,0.18000000000000002,-0.019999999999999997,14.8
2021-04-26,339.06,17.33,3.7014752516779224,342.76147525167795,335.35852474832205,343.0,345.0,335.0,333.0,0.96,0.9999999999999998,-9.199999999999982
2021-04-27,342.13,17.64,3.801801763429019,345.931801763429,338.328198236571,346.0,348.0,338.0,336.0,0.8400000000000001,0.6300000000000001,15.799999999999997
2021-04-28,339.74,17.56,3.7581224250938647,343.49812242509387,335.98187757490615,344.0,346.0,335.0,333.0,0.63,0.5,7.8
2021-04-29,341.63,17.28,3.718771283927298,345.3487712839273,337.9112287160727,346.0,348.0,337.5,335.0,0.44999999999999996,0.43,-3.2000000000000037
2021-04-30,338.99,17.61,3.7605032863034293,342.75050328630346,335.22949671369656,343.0,345.0,335.0,333.0,0.2,-0.01,15.800000000000004
2021-05-03,338.99,18.61,3.974046914145759,342.96404691414574,335.0159530858543,344.0,346.0,335.0,332.0,0.04000000000000001,-0.01,-0.1999999999999993
2021-05-04,335.02,18.31,3.86419298892944,338.88419298892944,331.1558070110705,340.0,342.0,330.0,328.0,0.2800000000000001,0.64,-41.199999999999996
2021-05-05,330.87,19.48,4.060187348325479,334.9301873483255,326.8098126516745,335.0,338.0,326.0,324.0,0.22,0.01,15.8
2021-05-06,330.09,19.15,3.9819965149184036,334.0719965149184,326.10800348508155,335.0,337.0,326.0,324.0,0.47000000000000003,0.28,13.8
2021-05-07,331.73,18.39,3.8429630394509067,335.57296303945094,327.8870369605491,336.0,338.0,327.5,325.0,0.29,0.09,14.8
2021-05-10,333.25,16.69,3.5036944432002066,336.75369444320023,329.74630555679977,338.0,340.0,328.0,326.0,0.08999999999999998,1.4700000000000002,-143.2
2021-05-11,321.73,19.66,3.984508907764576,325.7145089077646,317.74549109223545,326.0,328.0,315.0,310.0,1.1600000000000001,0.7699999999999999,33.80000000000002
2021-05-12,324.76,21.84,4.468017818062949,329.22801781806294,320.29198218193704,330.0,332.0,320.0,318.0,0.6699999999999999,1.6800000000000002,-106.20000000000003
2021-05-13,315.91,27.59,5.4905367607993965,321.4005367607994,310.41946323920064,322.0,324.0,310.0,308.0,0.9999999999999999,0.31000000000000005,63.79999999999998
2021-05-14,321.19,23.13,4.679908670258889,325.8699086702589,316.5100913297411,326.0,328.0,316.0,314.0,0.26,0.69,-48.199999999999996
2021-05-17,325.54,18.81,3.8573840849363368,329.39738408493633,321.6826159150637,330.0,332.0,320.0,318.0,0.13,0.0,7.8
2021-05-18,326.97,19.72,4.061762704248981,331.031762704249,322.90823729575106,332.0,334.0,322.0,320.0,0.44000000000000006,0.61,-22.199999999999992
2021-05-19,318.68,21.34,4.283994979396848,322.96399497939683,314.3960050206032,324.0,326.0,314.0,312.0,0.44999999999999996,0.009999999999999998,38.79999999999999
2021-05-20,322.89,22.18,4.511447069905128,327.4014470699051,318.3785529300949,328.0,330.0,318.0,316.0,0.54,0.9,-41.2
2021-05-21,329.8,20.67,4.294284936186367,334.0942849361864,325.5057150638136,335.0,337.0,325.0,323.0,0.060000000000000005,-0.030000000000000002,3.8000000000000016
2021-05-24,328.56,20.15,4.170512910210034,332.73051291021005,324.38948708978995,333.0,335.0,324.0,322.0,0.16000000000000003,0.029999999999999995,7.800000000000003
2021-05-25,334.32,18.4,3.8750732002376416,338.19507320023763,330.44492679976236,339.0,341.0,330.0,328.0,0.31999999999999995,0.23,3.7999999999999945
2021-05-26,333.9,18.84,3.9627533986863224,337.8627533986863,329.93724660131363,338.0,340.0,329.0,327.0,0.1,-0.01,5.8
2021-05-27,332.54,17.36,3.636581649389865,336.1765816493899,328.90341835061014,337.0,339.0,328.0,326.0,0.35,0.18000000000000002,11.799999999999997
2021-05-28,333.77,16.74,3.519674340160484,337.28967434016045,330.2503256598395,337.5,340.0,330.0,328.0,0.07999999999999999,0.0,2.799999999999999
2021-06-01,334.59,16.76,3.532536849141462,338.12253684914145,331.0574631508585,339.0,341.0,331.0,329.0,0.05,0.0,-0.20000000000000018
2021-06-02,332.35,17.9,3.7475586960377307,336.09755869603777,328.6024413039623,337.0,339.0,328.0,326.0,0.06,-0.01,1.799999999999999
2021-06-03,333.05,17.48,3.667335106700734,336.7173351067008,329.38266489329925,337.0,339.0,329.0,327.0,0.5499999999999998,0.6300000000000001,-13.200000000000028
2021-06-04,329.81,18.04,3.7480043161514085,333.5580043161514,326.0619956838486,334.0,336.0,326.0,324.0,0.33999999999999997,1.58,-129.20000000000002
2021-06-07,334.75,16.42,3.462529387533589,338.2125293875336,331.2874706124664,339.0,341.0,331.0,329.0,0.09000000000000001,0.01,2.8000000000000016
2021-06-08,336.62,16.42,3.481871971416152,340.10187197141613,333.1381280285839,341.0,343.0,333.0,331.0,0.35,0.13,16.799999999999997
2021-06-09,337.0,17.07,3.6237910796469173,340.62379107964694,333.37620892035306,341.0,343.0,333.0,331.0,0.08,-0.019999999999999997,4.8
2021-06-10,336.48,17.89,3.7920087039333503,340.27200870393335,332.6879912960667,341.0,343.0,332.5,330.0,0.01999999999999999,0.5800000000000001,-61.20000000000001
2021-06-11,340.14,16.1,3.449715761957788,343.5897157619578,336.6902842380422,344.0,346.0,336.0,334.0,0.04,0.0,-1.2000000000000002
2021-06-14,341.75,15.65,3.369167438144397,345.1191674381444,338.3808325618556,346.0,348.0,338.0,336.0,0.020000000000000004,-0.019999999999999997,-1.2000000000000002
2021-06-15,344.97,16.39,3.5617219428715794,348.5317219428716,341.4082780571284,349.0,351.0,341.0,339.0,0.44000000000000006,0.4900000000000001,-10.200000000000005
2021-06-16,342.42,17.02,3.671287607183149,346.0912876071832,338.74871239281686,347.0,349.0,338.0,336.0,0.25,-0.049999999999999996,24.8
2021-06-17,339.0,18.15,3.875931179591373,342.87593117959136,335.12406882040864,343.0,345.0,335.0,333.0,0.63,1.51,-93.2
2021-06-18,345.79,17.75,3.8664332473550447,349.65643324735504,341.923566752645,350.0,352.0,341.0,339.0,0.19,-0.01,14.8
2021-06-21,343.46,20.7,4.478640887541346,347.93864088754134,338.9813591124586,348.0,350.0,338.0,336.0,0.20999999999999996,0.0,15.799999999999997
2021-06-22,343.13,17.89,3.8669518146120136,346.99695181461203,339.26304818538796,347.0,349.0,339.0,337.0,0.25,1.0999999999999999,-90.19999999999999
2021-06-23,347.86,16.66,3.6507258358988164,351.5107258358988,344.2092741641012,352.0,354.0,344.0,342.0,0.04000000000000001,0.0,-1.1999999999999993
2021-06-24,348.69,16.32,3.5847541529455786,352.2747541529456,345.1052458470544,352.5,355.0,345.0,343.0,0.36,0.35000000000000003,-4.200000000000005
2021-06-25,350.01,15.97,3.5211546380190253,353.531154638019,346.48884536198096,354.0,356.0,346.0,344.0,0.05999999999999999,0.0,0.7999999999999989
2021-06-28,350.32,15.62,3.447034985938891,353.7670349859389,346.8729650140611,354.0,356.0,346.0,344.0,0.08000000000000002,0.030000000000000006,-0.1999999999999993
2021-06-29,352.99,15.76,3.5044377103363784,356.4944377103364,349.4855622896636,357.0,359.0,349.0,347.0,0.3,0.39,-14.200000000000003
2021-06-30,355.39,16.02,3.5864720014754052,358.9764720014754,351.8035279985246,359.0,361.0,351.0,349.0,0.08,0.0,2.8
2021-07-01,355.55,15.83,3.5455313307175977,359.0955313307176,352.0044686692824,360.0,362.0,352.0,350.0,0.6,0.30999999999999994,23.800000000000004
2021-07-02,355.2,15.48,3.4637269049722392,358.66372690497224,351.73627309502774,359.0,361.0,351.0,349.0,0.09999999999999999,0.01,3.8
2021-07-06,358.16,15.07,3.4000872628174688,361.5600872628175,354.75991273718256,362.0,364.0,354.0,352.0,0.09,0.0,3.8
2021-07-07,361.7,16.44,3.7458471469157875,365.44584714691575,357.9541528530842,366.0,368.0,357.0,355.0,0.07,0.019999999999999997,-0.1999999999999993
2021-07-08,358.07,16.2,3.6541189489611776,361.7241189489612,354.4158810510388,362.0,364.0,354.0,352.0,0.5499999999999999,0.4,9.79999999999999
2021-07-09,358.77,19.0,4.29407327608148,363.06407327608144,354.4759267239185,364.0,366.0,354.0,352.0,0.09000000000000001,-0.019999999999999997,5.800000000000002
2021-07-12,360.65,16.18,3.675904191244641,364.3259041912446,356.97409580875535,365.0,367.0,356.0,354.0,0.12999999999999998,0.0,7.799999999999998
2021-07-13,362.34,16.17,3.6908468906969034,366.03084689069686,358.6491531093031,368.0,370.0,358.0,356.0,0.4100000000000001,0.14,21.800000000000008
2021-07-14,362.45,17.12,3.908873303177281,366.3588733031773,358.5411266968227,368.0,370.0,358.0,356.0,0.11,-0.019999999999999997,7.8
2021-07-15,363.7,16.33,3.741357558917225,367.4413575589172,359.95864244108276,368.0,370.0,359.0,357.0,0.31000000000000005,0.56,-30.2
2021-07-16,360.74,17.01,3.8654347282114343,364.60543472821143,356.8745652717886,365.0,367.0,356.0,354.0,0.09000000000000001,0.0,3.8000000000000016
2021-07-19,357.14,18.45,4.150826630633349,361.2908266306333,352.98917336936665,362.0,364.0,352.0,350.0,0.67,0.0,61.8
2021-07-20,356.04,22.5,5.046392661382698,361.0863926613827,350.9936073386173,362.0,364.0,350.0,348.0,0.35,0.12000000000000001,17.8
2021-07-21,359.01,19.73,4.462038987046653,363.47203898704663,354.54796101295335,364.0,366.0,354.0,352.0,0.03,0.0,-2.2
2021-07-22,362.36,17.91,4.088232312222764,366.4482323122228,358.27176768777724,367.0,369.0,358.0,356.0,0.4,0.13,21.8
2021-07-23,365.47,17.69,4.072670695945949,369.54267069594596,361.3973293040541,370.0,372.0,361.0,359.0,0.06999999999999999,0.0,1.799999999999999
2021-07-26,367.83,17.2,3.9854312670668754,371.81543126706686,363.8445687329331,372.0,374.0,363.0,361.0,0.060000000000000005,-0.029999999999999995,3.8
2021-07-27,367.49,17.58,4.069716210654515,371.5597162106545,363.4202837893455,372.0,374.0,363.0,361.0,0.3,0.9300000000000002,-68.20000000000002
2021-07-28,364.1,19.36,4.440437498491151,368.5404374984912,359.65956250150884,370.0,372.0,359.0,357.0,0.26,0.0,20.8
2021-07-29,365.82,18.31,4.219446836637119,370.0394468366371,361.60055316336286,371.0,374.0,361.0,359.0,0.23,0.13,4.8
2021-07-30,361.8,17.7,4.034052616874783,365.83405261687477,357.76594738312525,366.0,368.0,357.5,355.0,0.07999999999999999,0.039999999999999994,-1.2000000000000006
2021-08-02,366.51,18.24,4.2112438736794005,370.7212438736794,362.2987561263206,371.0,374.0,362.0,360.0,0.04,0.0,-1.2000000000000002
2021-08-03,365.25,19.46,4.477471087497382,369.7274710874974,360.7725289125026,370.0,372.0,360.0,358.0,0.12999999999999998,0.049999999999999996,2.799999999999999
2021-08-04,367.0,18.04,4.17063637860455,371.17063637860457,362.82936362139543,372.0,374.0,362.0,360.0,0.039999999999999994,0.0,-1.2000000000000006
2021-08-05,367.94,17.97,4.165094033560501,372.1050940335605,363.7749059664395,372.5,375.0,363.0,361.0,0.25,0.13,6.8
2021-08-06,369.28,17.28,4.019751953074006,373.29975195307395,365.260248046926,374.0,376.0,365.0,363.0,0.16000000000000003,0.0,10.800000000000004
2021-08-09,367.72,16.15,3.741015501069152,371.4610155010692,363.97898449893086,372.0,374.0,363.0,361.0,0.01,0.019999999999999997,-6.2
2021-08-10,369.04,16.72,3.886954387458529,372.9269543874585,365.1530456125415,373.0,375.0,365.0,363.0,0.26,0.33999999999999997,-13.199999999999996
2021-08-11,366.0,16.79,3.871074336113204,369.8710743361132,362.1289256638868,370.0,372.0,362.0,360.0,0.1,0.0,4.8
2021-08-12,365.6,16.06,3.6987200166578433,369.29872001665785,361.9012799833422,370.0,372.0,361.0,359.0,0.17000000000000004,0.07,4.800000000000003
2021-08-13,367.92,15.59,3.6132602334999344,371.53326023349996,364.3067397665001,372.0,374.0,364.0,362.0,0.049999999999999996,0.0,-0.20000000000000018
2021-08-16,368.4,15.45,3.5854843803074314,371.9854843803074,364.81451561969254,372.0,374.0,364.0,362.0,0.01,0.0,-4.2
2021-08-17,367.6,16.12,3.7328476888074236,371.3328476888074,363.8671523111926,372.0,374.0,363.0,361.0,0.32,0.24000000000000002,2.799999999999999
2021-08-18,365.44,17.91,4.122981609942286,369.5629816099423,361.3170183900577,370.0,372.0,361.0,359.0,0.08000000000000002,-0.02,4.800000000000002
2021-08-19,359.66,21.57,4.886996349931827,364.5469963499319,354.7730036500682,365.0,367.0,354.0,352.0,0.45,0.6000000000000001,-20.200000000000006
2021-08-20,362.72,21.67,4.951424299989138,367.67142429998916,357.7685757000109,368.0,370.0,357.0,355.0,0.15000000000000002,0.0,9.8
2021-08-23,368.78,18.56,4.311665506489537,373.0916655064895,364.46833449351044,374.0,376.0,364.0,362.0,0.0,0.0,-5.2
2021-08-24,374.87,17.15,4.049902242080031,378.91990224208,370.82009775792,380.0,382.0,370.0,368.0,0.16,0.019999999999999997,8.8
2021-08-25,374.76,17.22,4.06523922147172,378.8252392214717,370.6947607785283,380.0,382.0,370.0,368.0,0.03,0.0,-2.2
2021-08-26,373.99,16.79,3.9555822157458396,377.94558221574584,370.0344177842542,378.0,380.0,370.0,368.0,0.29,0.29999999999999993,-6.199999999999996
2021-08-27,373.71,18.84,4.435221840739938,378.1452218407399,369.27477815926005,379.0,381.0,369.0,367.0,0.09999999999999999,-0.01,5.799999999999998
2021-08-30,376.58,16.39,3.888086643031507,380.4680866430315,372.6919133569685,381.0,384.0,372.0,370.0,0.029999999999999995,-0.01,-1.2000000000000006
2021-08-31,381.64,16.19,3.892247653914866,385.53224765391485,377.7477523460851,386.0,388.0,377.0,375.0,0.26999999999999996,0.15000000000000002,6.7999999999999945
2021-09-01,380.92,16.48,3.9544921032116025,384.8744921032116,376.96550789678844,385.0,388.0,376.0,374.0,0.07999999999999999,0.0,2.799999999999999
2021-09-02,381.14,16.11,3.867940632667484,385.0079406326675,377.2720593673325,386.0,388.0,377.0,375.0,0.21999999999999997,0.31000000000000005,-14.200000000000006
2021-09-03,380.87,16.41,3.9371782436379164,384.8071782436379,376.9328217563621,385.0,387.0,376.0,374.0,0.11000000000000001,0.0,5.800000000000002
2021-09-07,382.29,16.41,3.9518572498761757,386.2418572498762,378.33814275012384,388.0,390.0,378.0,376.0,0.06,0.01,-0.20000000000000018
2021-09-08,380.97,18.14,4.353392154368969,385.323392154369,376.61660784563105,386.0,388.0,376.0,374.0,0.08,0.01,1.8000000000000007
2021-09-09,380.04,17.96,4.29967244178464,384.33967244178467,375.74032755821537,385.0,387.0,375.0,373.0,0.13,0.08000000000000002,-0.20000000000000107
2021-09-10,380.0,18.8,4.500296991963198,384.5002969919632,375.4997030080368,385.0,387.0,375.0,373.0,0.019999999999999997,0.0,-3.2
2021-09-13,377.49,20.95,4.981833494659173,382.47183349465917,372.50816650534085,383.0,385.0,372.0,370.0,0.13,0.049999999999999996,2.8000000000000016
2021-09-14,375.97,19.37,4.587568295846163,380.5575682958462,371.3824317041539,381.0,383.0,371.0,369.0,0.42,0.37999999999999995,-1.1999999999999966
2021-09-15,375.96,19.46,4.60876120480634,380.5687612048063,371.35123879519364,381.0,383.0,371.0,369.0,0.15000000000000002,0.0,9.8
2021-09-16,377.89,18.18,4.327718539575343,382.21771853957534,373.56228146042463,383.0,385.0,373.0,371.0,0.21999999999999997,0.1,6.799999999999996
2021-09-17,378.32,18.69,4.454185830208704,382.7741858302087,373.8658141697913,383.0,385.0,373.0,371.0,0.049999999999999975,0.03,-3.200000000000003
2021-09-20,370.57,20.81,4.857827256697733,375.42782725669775,365.71217274330223,376.0,378.0,365.0,362.0,0.3,0.02,22.799999999999997
2021-09-21,369.11,25.71,5.978023495199877,375.0880234951999,363.13197650480015,376.0,378.0,363.0,360.0,0.1499999999999999,0.6699999999999999,-57.2
2021-09-22,366.76,24.36,5.628063354907084,372.3880633549071,361.1319366450929,373.0,375.0,360.0,358.0,0.05,0.0,-0.20000000000000018
2021-09-23,371.98,20.87,4.890370564770538,376.87037056477055,367.0896294352295,377.0,379.0,367.0,365.0,0.38,0.03,29.8
2021-09-24,371.32,18.63,4.357736100057262,375.67773610005725,366.96226389994274,376.0,378.0,366.0,364.0,0.15000000000000002,0.0,9.8
2021-09-27,373.85,17.75,4.180184706103946,378.03018470610397,369.6698152938961,379.0,381.0,369.0,367.0,0.16000000000000003,0.03,7.800000000000003
2021-09-28,365.67,18.76,4.321374405895884,369.9913744058959,361.34862559410413,370.0,372.0,360.0,358.0,0.4800000000000001,0.74,-31.19999999999999
2021-09-29,363.42,23.25,5.322694140264268,368.7426941402643,358.09730585973574,369.0,371.0,358.0,356.0,0.31000000000000005,0.0,25.800000000000008
2021-09-30,362.26,22.56,5.148245015711331,367.4082450157113,357.11175498428867,368.0,370.0,357.0,355.0,0.14,0.06,2.8000000000000016
2021-10-01,356.62,23.14,5.198389058392835,361.8183890583928,351.4216109416072,362.0,364.0,351.0,348.0,0.33999999999999997,0.019999999999999997,26.799999999999997
2021-10-04,357.73,21.15,4.766125390268078,362.4961253902681,352.96387460973193,363.0,365.0,352.0,350.0,0.14,0.06,2.8000000000000016
2021-10-05,352.74,22.96,5.101834002141582,357.8418340021416,347.63816599785844,358.0,360.0,347.0,345.0,0.9500000000000002,0.81,8.800000000000011
2021-10-06,353.3,21.3,4.740487115152678,358.0404871151527,348.5595128848473,359.0,361.0,348.0,346.0,0.13,0.89,-81.2
2021-10-07,363.13,21.0,4.803758367934424,367.93375836793444,358.32624163206555,368.0,370.0,358.0,356.0,0.52,0.22,24.800000000000004
2021-10-08,362.37,19.54,4.4604279134804505,366.83042791348043,357.9095720865196,367.0,369.0,357.5,355.0,0.23,0.019999999999999997,15.800000000000004
2021-10-11,359.34,18.77,4.248832062555695,363.5888320625557,355.09116793744425,364.0,366.0,355.0,352.0,0.22999999999999998,0.0,17.8
2021-10-12,357.38,20.0,4.502564778801254,361.8825647788012,352.87743522119877,362.0,364.0,352.0,350.0,0.7,0.30000000000000004,34.79999999999999
2021-10-13,357.74,19.85,4.473297099833784,362.21329709983377,353.26670290016625,364.0,366.0,352.0,350.0,0.11,0.01,4.8
2021-10-14,362.68,18.64,4.258623484205315,366.9386234842053,358.4213765157947,367.0,369.0,358.0,356.0,0.33000000000000007,0.6400000000000001,-36.20000000000001
2021-10-15,367.18,16.86,3.8997459651067383,371.0797459651067,363.2802540348933,372.0,374.0,363.0,361.0,0.060000000000000005,0.030000000000000002,-2.1999999999999997
2021-10-18,367.14,16.3,3.7698063148598417,370.90980631485985,363.3701936851401,372.0,374.0,362.0,360.0,0.08000000000000002,0.75,-72.2
2021-10-19,373.3,16.31,3.8354089784992653,377.1354089784993,369.4645910215007,378.0,380.0,369.0,366.0,0.35,0.26,3.7999999999999963
2021-10-20,374.9,15.7,3.7077873843653344,378.60778738436534,371.1922126156346,380.0,382.0,371.0,369.0,0.05999999999999999,0.0,0.7999999999999989
2021-10-21,374.06,15.49,3.649996238477751,377.70999623847774,370.41000376152226,378.0,380.0,370.0,368.0,0.33999999999999997,0.31,-2.200000000000003
2021-10-22,375.88,15.01,3.5540999743029533,379.43409997430297,372.325900025697,380.0,382.0,372.0,370.0,0.11000000000000001,0.0,5.800000000000002
2021-10-25,374.67,15.43,3.641787291082542,378.31178729108257,371.02821270891747,379.0,381.0,371.0,369.0,0.2,0.020000000000000004,12.8
2021-10-26,380.26,15.24,3.650609170864814,383.9106091708648,376.6093908291352,384.0,386.0,376.0,374.0,0.69,0.32999999999999996,30.8
2021-10-27,379.7,15.98,3.822232507029375,383.52223250702934,375.87776749297063,384.0,386.0,375.0,373.0,0.12,-0.01,7.8
2021-10-28,381.0,16.98,4.0753263373273905,385.0753263373274,376.9246736626726,386.0,388.0,376.0,374.0,0.4,0.35,-0.19999999999999574
2021-10-29,381.57,16.53,3.973258354266904,385.5432583542669,377.59674164573306,386.0,388.0,377.5,375.0,0.12000000000000001,0.26999999999999996,-20.199999999999996
2021-11-01,387.0,16.26,3.9639780035788728,390.96397800357886,383.03602199642114,391.0,393.0,383.0,380.0,0.15,0.019999999999999997,7.8
2021-11-02,387.19,16.41,4.0025101587265075,391.1925101587265,383.1874898412735,392.0,394.0,383.0,381.0,0.36,0.34,-3.2000000000000037
2021-11-03,389.06,16.03,3.9287087527326467,392.98870875273263,385.13129124726737,394.0,396.0,385.0,383.0,0.18,0.07,5.799999999999998
2021-11-04,394.26,15.1,3.7502428737368843,398.0102428737369,390.5097571262631,399.0,401.0,390.0,388.0,0.26,0.6599999999999999,-45.199999999999996
2021-11-05,397.83,15.44,3.869408268716179,401.6994082687162,393.9605917312838,402.0,404.0,393.0,391.0,0.26,0.0,20.8
2021-11-08,398.17,16.48,4.1335716705233745,402.3035716705234,394.0364283294766,404.0,406.0,394.0,392.0,0.12000000000000001,0.0,6.800000000000002
2021-11-09,398.37,17.22,4.321350594134083,402.69135059413406,394.04864940586594,403.0,405.0,394.0,392.0,0.30999999999999994,0.5399999999999999,-28.2
2021-11-10,395.07,17.78,4.424921174957018,399.494921174957,390.64507882504296,400.0,402.0,390.0,388.0,0.32,0.33,-6.200000000000001
2021-11-11,390.71,18.73,4.609905618236534,395.31990561823653,386.1000943817634,396.0,398.0,386.0,384.0,0.5299999999999999,0.22000000000000003,25.79999999999999
2021-11-12,391.78,17.66,4.358456248366504,396.1384562483665,387.42154375163346,397.0,399.0,387.0,385.0,0.13,0.02,5.8
2021-11-15,395.74,16.29,4.060979183896433,399.80097918389646,391.67902081610356,400.0,402.0,391.0,389.0,0.09,0.0,3.8
2021-11-16,394.27,16.49,4.095567783720847,398.36556778372085,390.1744322162791,399.0,401.0,390.0,388.0,0.48000000000000004,0.32,10.800000000000004
2021-11-17,397.83,16.37,4.102474958476933,401.9324749584769,393.72752504152305,402.0,404.0,393.0,391.0,0.03999999999999999,0.01,-2.2000000000000015
2021-11-18,399.31,17.11,4.3038777375054185,403.61387773750545,395.00612226249456,404.0,406.0,395.0,393.0,0.25000000000000006,0.3,-10.199999999999992
2021-11-19,403.72,17.59,4.473483436318978,408.193483436319,399.24651656368104,409.0,411.0,399.0,397.0,0.08000000000000002,0.0,2.8000000000000016
2021-11-22,405.29,17.91,4.5725788547874044,409.86257885478744,400.7174211452126,410.0,412.0,400.0,398.0,0.18000000000000002,0.24000000000000002,-11.2
2021-11-23,397.79,19.17,4.803698082600979,402.593698082601,392.98630191739903,404.0,406.0,392.0,390.0,0.37,0.20999999999999996,10.800000000000004
2021-11-24,397.13,19.38,4.848263306666786,401.9782633066668,392.2817366933332,402.0,404.0,392.0,390.0,0.17000000000000004,0.0,11.800000000000004
2021-11-26,395.25,18.58,4.626124514731912,399.8761245147319,390.6238754852681,400.0,402.0,390.0,388.0,0.26,0.02,18.800000000000004
2021-11-29,394.82,28.62,7.118172415238098,401.9381724152381,387.7018275847619,402.0,404.0,387.0,385.0,0.009999999999999992,0.0,-4.200000000000001
2021-11-30,398.01,22.96,5.756593953598603,403.7665939535986,392.2534060464014,404.0,406.0,392.0,390.0,0.52,0.5200000000000001,-5.200000000000012
2021-12-01,398.16,27.19,6.819720328415822,404.97972032841585,391.3402796715842,405.0,407.0,390.0,388.0,-0.009999999999999998,1.8699999999999999,-193.2
2021-12-02,388.78,31.12,7.621548776083886,396.40154877608387,381.1584512239161,397.0,399.0,381.0,379.0,0.15000000000000008,0.05999999999999994,3.800000000000014
2021-12-03,389.09,27.95,6.850647334413879,395.9406473344139,382.23935266558607,396.0,398.0,382.0,380.0,0.14,0.07,1.8000000000000007
2021-12-06,384.2,30.67,7.42285310459925,391.62285310459924,376.77714689540073,392.0,394.0,376.0,374.0,0.36,-0.009999999999999998,31.8
2021-12-07,392.32,27.18,6.717220898909394,399.03722089890937,385.6027791010906,400.0,402.0,385.0,383.0,0.13999999999999999,0.51,-42.2
2021-12-08,399.98,21.89,5.5154857547041845,405.4954857547042,394.46451424529585,406.0,408.0,394.0,392.0,0.39,-0.01,34.8
2021-12-09,399.3,19.9,5.005553600074049,404.30555360007406,394.29444639992596,405.0,407.0,394.0,392.0,0.51,0.7300000000000002,-27.20000000000002
2021-12-10,395.05,21.58,5.3703579800738845,400.4203579800739,389.6796420199261,401.0,403.0,389.0,387.0,0.16999999999999998,0.009999999999999998,10.799999999999997
2021-12-13,398.9,18.69,4.69648638102731,403.59648638102726,394.2035136189727,404.0,406.0,394.0,392.0,0.19,1.2499999999999998,-111.19999999999999
2021-12-14,392.76,20.31,5.025009699286673,397.78500969928666,387.7349903007133,398.0,400.0,387.0,385.0,0.8299999999999997,0.6999999999999997,7.8
2021-12-15,388.52,21.89,5.357459186503498,393.8774591865035,383.1625408134965,394.0,396.0,383.0,381.0,0.36,-0.07999999999999988,38.79999999999998
2021-12-16,400.01,19.29,4.860744638476733,404.8707446384767,395.1492553615233,405.0,407.0,395.0,393.0,0.0,2.41,-246.2
