,set,trades_raw,trades_clean,invalid_session_trades,invalid_session_pnl,fomc_trades,fomc_pnl,net_raw,net_clean,sharpe_raw,net_clean_plus1tick,sharpe_clean_plus1tick,net_clean_plus2tick,sharpe_clean_plus2tick,sessions,sharpe_ann,t_stat,sharpe_ci_iid,sharpe_ci_block5,psr_vs_0,dsr_N17,dsr_N100
0.4r,"MNQ fixed 5, 2021-2024 target sweep",612.0,579.0,15.0,1405.9999999999964,18.0,827.9000000000617,10301.099999999973,8067.199999999915,0.32356716375350225,5172.199999999915,0.16589443336362736,2277.199999999916,0.07304180462085332,997,0.2587347580443785,0.5146382764006153,"[-0.68, 1.29]","[-0.68, 1.29]",0.6941966780666651,0.4678039373436026,0.3794326854252824
0.5r,"MNQ fixed 5, 2021-2024 target sweep",611.0,579.0,14.0,1000.7000000000002,18.0,185.89999999999952,13439.29999999999,12252.699999999992,0.3950594182266269,9357.699999999992,0.2802712710520521,6462.69999999999,0.19357490161240004,997,0.3669495171048082,0.7298836400498826,"[-0.61, 1.39]","[-0.55, 1.37]",0.7638806066003923,0.5522489472225287,0.4623875658247439
0.6r,"MNQ fixed 5, 2021-2024 target sweep",611.0,579.0,14.0,1352.1999999999964,18.0,-47.10000000002918,24026.300000000097,22721.200000000128,0.665169407192875,19826.200000000124,0.5589731510453693,16931.200000000124,0.47741040920092387,997,0.6405038858427363,1.2739989722658915,"[-0.34, 1.67]","[-0.30, 1.64]",0.8941048203446995,0.7466556328705393,0.669788146000518
0.7r,"MNQ fixed 5, 2021-2024 target sweep",611.0,579.0,14.0,1703.6999999999928,18.0,-456.1000000000076,22049.29999999991,20801.699999999924,0.5913126258749953,17906.699999999917,0.489352964745098,15011.699999999913,0.4102804905849159,997,0.5683991072066334,1.130578431175826,"[-0.42, 1.59]","[-0.34, 1.54]",0.8675478625601002,0.7007780513303532,0.6181363263585052
0.8r,"MNQ fixed 5, 2021-2024 target sweep",611.0,579.0,14.0,2055.200000000007,18.0,-175.09999999998598,24402.30000000006,22522.20000000004,0.632996895536315,19627.200000000033,0.5189573730204721,16732.200000000033,0.44245816630612933,997,0.5954304409674589,1.1843453047131451,"[-0.39, 1.62]","[-0.30, 1.57]",0.8793708128129154,0.7195891926491083,0.6386327699219176
0.9r,"MNQ fixed 5, 2021-2024 target sweep",611.0,579.0,14.0,2406.7000000000035,18.0,-1356.849999999997,28693.54999999993,27643.699999999924,0.7264797743363107,24748.699999999924,0.637868214302677,21853.69999999992,0.5633254376699798,997,0.7123804752016301,1.416965631793218,"[-0.28, 1.72]","[-0.19, 1.68]",0.9197345873695657,0.7917549910231468,0.7208957098243154
1.0r,"MNQ fixed 5, 2021-2024 target sweep",610.0,579.0,13.0,1229.4,18.0,-1524.1000000000004,31240.5,31535.199999999997,0.776022256669658,28640.19999999999,0.7224114592399464,25745.199999999993,0.6494821765642271,997,0.7953076520918096,1.5819125438513608,"[-0.19, 1.81]","[-0.10, 1.73]",0.9418041442354674,0.835971276598573,0.7735267467564355
1.1r,"MNQ fixed 5, 2021-2024 target sweep",610.0,579.0,13.0,1405.4000000000037,18.0,-1370.3500000000004,28917.250000000047,28882.20000000004,0.713936898308151,25987.200000000033,0.6517417070876339,23092.200000000033,0.5792112554307527,997,0.7242426383993701,1.4405601548816878,"[-0.25, 1.72]","[-0.20, 1.70]",0.9236148380637395,0.7989125918835807,0.7291417712670523
1.2r,"MNQ fixed 5, 2021-2024 target sweep",610.0,579.0,13.0,1494.3999999999999,18.0,-2048.0999999999967,30585.999999999956,31139.699999999953,0.7429279643863845,28244.699999999946,0.6964488349137248,25349.699999999946,0.6251494097169248,997,0.7677177718466393,1.527034689314946,"[-0.22, 1.77]","[-0.16, 1.74]",0.9356428241935641,0.8227080452668282,0.7573107319972394
1.3r,"MNQ fixed 5, 2021-2024 target sweep",610.0,579.0,13.0,1465.8999999999965,18.0,-1968.850000000004,33469.250000000015,33972.20000000002,0.8045609001513186,31077.200000000023,0.7584130040205234,28182.20000000002,0.6878637360083197,997,0.8289297587929056,1.6487888428549982,"[-0.15, 1.82]","[-0.09, 1.81]",0.949644653851573,0.8525802475831616,0.7937080159867266
1.4r,"MNQ fixed 5, 2021-2024 target sweep",610.0,579.0,13.0,1546.4000000000071,18.0,-2596.6000000000004,33790.499999999985,34840.699999999975,0.8091567176126521,31945.699999999975,0.7759045238874771,29050.69999999997,0.7056955104611458,997,0.8460805920242938,1.6829028340317154,"[-0.12, 1.84]","[-0.08, 1.84]",0.9532071732905438,0.8604690723343971,0.803455637706995
1.5r,"MNQ fixed 5, 2021-2024 target sweep",610.0,579.0,13.0,1626.9,18.0,-2596.6000000000004,31956.75,32926.44999999999,0.7630947953937888,30031.449999999997,0.7274307994271665,27136.449999999997,0.6573987765208946,997,0.7974320962865843,1.5861381852262264,"[-0.18, 1.78]","[-0.13, 1.78]",0.9431886827859868,0.8382054739133924,0.7759110851469564
1.6r,"MNQ fixed 5, 2021-2024 target sweep",610.0,579.0,13.0,1707.3999999999928,18.0,-2596.6000000000004,31242.000000000033,32131.200000000033,0.7447063488197916,29236.20000000004,0.7070074093690815,26341.20000000004,0.6370847317441999,997,0.7769003189123974,1.545299302197297,"[-0.20, 1.76]","[-0.14, 1.75]",0.9385632269494995,0.8282465284852507,0.7637421966648431
1.7r,"MNQ fixed 5, 2021-2024 target sweep",610.0,579.0,13.0,1787.9000000000037,18.0,-2596.6000000000004,33508.00000000002,34316.70000000001,0.7927362477856549,31421.700000000015,0.7542198268084049,28526.70000000001,0.6848288957288813,997,0.8235794777007402,1.6381468268369628,"[-0.15, 1.81]","[-0.10, 1.80]",0.9492178353618701,0.851085041061596,0.7915985986448779
1.8r,"MNQ fixed 5, 2021-2024 target sweep",610.0,579.0,13.0,1868.3999999999965,18.0,-2596.6000000000004,31530.999999999993,32259.199999999993,0.7450252495733691,29364.199999999997,0.7040514322450194,26469.199999999997,0.6347239696578657,997,0.7733497539333591,1.5382370247712884,"[-0.20, 1.76]","[-0.13, 1.73]",0.938095097963013,0.8269471170226042,0.7620230942906104
1.9r,"MNQ fixed 5, 2021-2024 target sweep",610.0,579.0,13.0,1948.9000000000076,18.0,-2596.6000000000004,30070.99999999999,30718.69999999998,0.7106873129268134,27823.699999999986,0.6673915280169259,24928.699999999983,0.5980261306156699,997,0.7367292750367457,1.4653967914653105,"[-0.24, 1.72]","[-0.17, 1.68]",0.9288084206230937,0.8077982280405308,0.7390211580391335
2.0r,"MNQ fixed 5, 2021-2024 target sweep",610.0,579.0,13.0,2029.4000000000003,18.0,-2596.6000000000004,31530.499999999996,32097.699999999993,0.7407788026944037,29202.7,0.6964117411052279,26307.699999999997,0.6274554223235456,997,0.7653395436776103,1.5223042570566465,"[-0.20, 1.75]","[-0.15, 1.71]",0.9364637208456443,0.8232646051833861,0.7574506587917035
0.4r,"NQ fixed 1, 2021-2024 target sweep",602.0,570.0,15.0,2852.000000000022,17.0,2506.8000000001102,28790.799999999894,23431.999999999767,0.456866559650965,17731.999999999767,0.28720113995137786,12031.999999999765,0.1948924523232287,997,0.379487981076626,0.7548233641748521,"[-0.57, 1.42]","[-0.55, 1.38]",0.7703743235421767,0.5826970791609752,0.5018488344137951
0.5r,"NQ fixed 1, 2021-2024 target sweep",601.0,570.0,14.0,2015.6,17.0,1899.300000000001,34387.90000000001,30473.0,0.5105997012269787,24773.000000000015,0.3746989329903675,19073.00000000002,0.2885092957146836,997,0.460863718574582,0.9166843742815569,"[-0.51, 1.48]","[-0.45, 1.47]",0.815711068709322,0.6434310799569937,0.5648980339311382
0.6r,"NQ fixed 1, 2021-2024 target sweep",601.0,570.0,14.0,2718.5999999999926,17.0,1239.7999999999206,56136.40000000017,52178.00000000026,0.7859690825985338,46478.00000000028,0.6624496645553227,40778.00000000027,0.5812951116353913,997,0.7435652371974186,1.4789939123566023,"[-0.22, 1.79]","[-0.19, 1.74]",0.9256481721334257,0.8199132886661704,0.7616787276243013
0.7r,"NQ fixed 1, 2021-2024 target sweep",601.0,570.0,14.0,3421.6000000000213,17.0,2282.8000000000234,51823.400000000154,46119.0000000001,0.7036458932763524,40419.00000000012,0.559119884328525,34719.00000000012,0.48032981336961933,997,0.6378789533569525,1.2687778309690578,"[-0.35, 1.66]","[-0.27, 1.61]",0.8940626564735321,0.7627735354539043,0.695100955601663
0.8r,"NQ fixed 1, 2021-2024 target sweep",601.0,570.0,14.0,4124.5999999999785,17.0,2804.7999999999943,60043.40000000001,53114.00000000003,0.7884852323995243,47414.00000000004,0.6345157588967568,41714.00000000004,0.5583113440035191,997,0.7106872550409831,1.413597719759951,"[-0.28, 1.73]","[-0.19, 1.67]",0.9184788654042348,0.8051631169507605,0.7436794152059085
0.9r,"NQ fixed 1, 2021-2024 target sweep",601.0,570.0,14.0,4827.600000000008,17.0,-186.6999999999849,65059.899999999645,60418.99999999961,0.8344524255716017,54718.99999999963,0.7140054226142339,49018.999999999636,0.6397243333105002,997,0.7882513057097965,1.5678770661012005,"[-0.20, 1.79]","[-0.11, 1.72]",0.9394442699972896,0.844802747603816,0.79060472563238
1.0r,"NQ fixed 1, 2021-2024 target sweep",600.0,570.0,13.0,2275.2,17.0,116.80000000000055,70050.00000000001,67658.0,0.881784379929473,61958.000000000015,0.7916906707329471,56258.00000000002,0.7189745663556497,997,0.8643693544212198,1.7192802315974496,"[-0.12, 1.88]","[-0.03, 1.80]",0.9558073516190485,0.8783816251083624,0.8316125595103909
1.1r,"NQ fixed 1, 2021-2024 target sweep",600.0,570.0,13.0,2596.1999999999853,17.0,420.29999999998597,65833.50000000006,62817.00000000009,0.8233836376861909,57117.000000000095,0.7254183658273015,51417.000000000095,0.653122103601591,997,0.7976807432398397,1.5866327582802018,"[-0.18, 1.80]","[-0.11, 1.76]",0.9420577158416137,0.8497400191160743,0.7964396307001302
1.2r,"NQ fixed 1, 2021-2024 target sweep",600.0,570.0,13.0,2669.199999999978,17.0,723.8000000000078,70209.00000000012,66816.00000000013,0.8638572109341632,61116.000000000146,0.7636997198504365,55416.000000000146,0.692579947403867,997,0.8347849656214781,1.660435185128458,"[-0.14, 1.82]","[-0.07, 1.80]",0.9504811111361812,0.8667647579246652,0.8170985902297754
1.3r,"NQ fixed 1, 2021-2024 target sweep",600.0,570.0,13.0,2828.7000000000216,17.0,-757.7000000000065,74415.49999999985,72344.49999999983,0.9069671910047821,66644.49999999984,0.8243599408094612,60944.49999999984,0.7539785604584858,997,0.8947048126455476,1.779619198238001,"[-0.07, 1.89]","[-0.02, 1.86]",0.961561479379868,0.8907333928949304,0.8469495028552471
1.4r,"NQ fixed 1, 2021-2024 target sweep",600.0,570.0,13.0,2988.200000000029,17.0,-1998.1999999999996,75112.99999999999,74122.99999999996,0.9123412872845691,68422.99999999999,0.8426938776264729,62722.99999999998,0.772623348514876,997,0.9127274121718195,1.8154671825852309,"[-0.07, 1.91]","[-0.01, 1.89]",0.9645373217075768,0.8974095555276167,0.8553795873487836
1.5r,"NQ fixed 1, 2021-2024 target sweep",600.0,570.0,13.0,3147.7,17.0,-1998.1999999999996,71365.0,70215.5,0.8648773503938781,64515.500000000015,0.7928818333233868,58815.500000000015,0.7229442580236747,997,0.8627847400919672,1.7161283427931382,"[-0.13, 1.85]","[-0.06, 1.83]",0.9562664931911842,0.8788637773033144,0.8319677141934312
1.6r,"NQ fixed 1, 2021-2024 target sweep",600.0,570.0,13.0,3307.1999999999707,17.0,-1998.1999999999996,71169.99999999993,69860.99999999996,0.860193324116085,64160.99999999997,0.7865028851715832,58460.99999999997,0.7167427541680926,997,0.8562288016929802,1.7030882052277612,"[-0.12, 1.85]","[-0.06, 1.82]",0.9551869009247979,0.8764303005873685,0.8288913746605718
1.7r,"NQ fixed 1, 2021-2024 target sweep",600.0,570.0,13.0,3466.699999999978,17.0,-1998.1999999999996,74205.49999999999,72737.0,0.8921877329727291,67037.00000000003,0.8175414217630176,61337.00000000003,0.7481489286097915,997,0.8868987194248555,1.7640924310155222,"[-0.09, 1.88]","[-0.03, 1.84]",0.960754270275904,0.8885873174007447,0.8440779111059333
1.8r,"NQ fixed 1, 2021-2024 target sweep",600.0,570.0,13.0,3626.2000000000216,17.0,-1998.1999999999996,69533.00000000001,67905.0,0.8365503145488771,62205.000000000015,0.7592475465706938,56505.000000000015,0.689779253282618,997,0.8286830902988075,1.6482982050697834,"[-0.14, 1.82]","[-0.07, 1.77]",0.9500316854517936,0.8652742386221031,0.8150049564670834
1.9r,"NQ fixed 1, 2021-2024 target sweep",600.0,570.0,13.0,3785.7000000000285,17.0,-1998.1999999999996,66273.0000000001,64485.50000000006,0.7986261009831382,58785.50000000009,0.71883601583057,53085.50000000009,0.6492278527778017,997,0.7884130522460389,1.5681987892405835,"[-0.18, 1.78]","[-0.12, 1.72]",0.9412866000345328,0.8472418330464473,0.7929731634575521
2.0r,"NQ fixed 1, 2021-2024 target sweep",600.0,570.0,13.0,3945.1999999999994,17.0,-1998.1999999999996,68900.0,66952.99999999999,0.8262900106545419,61253.000000000015,0.7455086571733388,55553.000000000015,0.6762333444715092,997,0.8147519930003817,1.6205884533679986,"[-0.15, 1.80]","[-0.10, 1.74]",0.9472986996186439,0.8594392829824483,0.8077814944177388
0.4r,"NQ fixed 1, 2025-2026 (already-viewed holdout) target sweep",267.0,254.0,7.0,583.8000000000584,6.0,1067.4,28503.80000000025,26852.600000000188,0.6396070350613733,24312.600000000195,0.552949592890484,21772.600000000195,0.4952385608071078,497,0.6106395912126678,0.8575567754981875,"[-0.74, 2.20]","[-0.73, 2.18]",0.7950406087000652,0.6275399247921786,0.553182058428956
0.5r,"NQ fixed 1, 2025-2026 (already-viewed holdout) target sweep",267.0,254.0,7.0,1292.8000000000002,6.0,-2265.0999999999995,26781.799999999977,27754.099999999984,0.5571824264041618,25214.09999999999,0.5314211150086974,22674.09999999999,0.4779363146312972,497,0.5848885536888836,0.8213930923331725,"[-0.75, 2.11]","[-0.73, 2.09]",0.7877097326355397,0.615615987393807,0.5398714778677011
0.6r,"NQ fixed 1, 2025-2026 (already-viewed holdout) target sweep",267.0,254.0,7.0,1109.799999999971,6.0,-3352.5999999999995,27140.799999999712,29383.599999999737,0.5436139880556007,26843.599999999744,0.5441673651482504,24303.599999999744,0.4927270979761561,497,0.5955911864663689,0.8364234234582388,"[-0.78, 2.10]","[-0.77, 2.10]",0.7930772035723375,0.6217686092507321,0.5458925579230658
0.7r,"NQ fixed 1, 2025-2026 (already-viewed holdout) target sweep",266.0,254.0,6.0,165.89999999998554,6.0,-3352.5999999999995,38585.399999999994,41772.10000000002,0.7450628416939582,39232.10000000001,0.7655281923125412,36692.10000000001,0.7160656879233471,497,0.8149692844878996,1.1445088752722359,"[-0.56, 2.29]","[-0.60, 2.34]",0.8680389077102875,0.7292639859506668,0.6612647394714563
0.8r,"NQ fixed 1, 2025-2026 (already-viewed holdout) target sweep",266.0,254.0,6.0,451.40000000001464,6.0,-3352.5999999999995,46928.40000000002,49829.60000000002,0.8885545238011971,47289.60000000002,0.9049410270877306,44749.60000000002,0.8564746686637456,497,0.9533830631862089,1.338891413602776,"[-0.41, 2.42]","[-0.49, 2.45]",0.9044312754709847,0.7882951470487822,0.7276768216454248
0.9r,"NQ fixed 1, 2025-2026 (already-viewed holdout) target sweep",266.0,254.0,6.0,158.90000000001464,6.0,-3352.5999999999995,55776.900000000285,58970.6000000003,1.0247596806383095,56430.60000000028,1.0473147966929242,53890.60000000028,1.000357734797372,497,1.0942454090956317,1.536712617608405,"[-0.28, 2.55]","[-0.34, 2.56]",0.9341557601104915,0.840950668753804,0.7889350571140643
1.0r,"NQ fixed 1, 2025-2026 (already-viewed holdout) target sweep",266.0,254.0,6.0,247.4000000000001,6.0,-3352.5999999999995,55016.39999999998,58121.6,0.999662630572052,55581.59999999999,1.0201479831774747,53041.59999999999,0.9737008202225634,497,1.066569944093825,1.4978463487504843,"[-0.32, 2.52]","[-0.35, 2.51]",0.9301951631977894,0.8328292846679681,0.7789683448817835
1.1r,"NQ fixed 1, 2025-2026 (already-viewed holdout) target sweep",266.0,254.0,6.0,335.89999999998554,6.0,-3352.5999999999995,48933.89999999969,51950.59999999971,0.8841442533899082,49410.599999999715,0.9017440904833973,46870.599999999715,0.85552160853381,497,0.9479445281888443,1.3312537618637001,"[-0.43, 2.34]","[-0.42, 2.37]",0.9065466553464024,0.7896705385262075,0.7282607773689885
1.2r,"NQ fixed 1, 2025-2026 (already-viewed holdout) target sweep",266.0,254.0,6.0,424.399999999971,6.0,-3352.5999999999995,43206.399999999754,46134.59999999981,0.768888006300436,43594.5999999998,0.7835165932285297,41054.5999999998,0.7379631982080439,497,0.8290513975832964,1.1642852076163392,"[-0.54, 2.22]","[-0.58, 2.26]",0.8773873637898093,0.7402300906717465,0.6718425517217395
1.3r,"NQ fixed 1, 2025-2026 (already-viewed holdout) target sweep",266.0,254.0,6.0,512.9000000000292,6.0,-3352.5999999999995,41085.900000000096,43925.60000000008,0.7281000869132164,41385.60000000008,0.740715356127693,38845.60000000008,0.6953410306659664,497,0.786072248300555,1.1039270827863252,"[-0.60, 2.17]","[-0.61, 2.21]",0.8654753071869721,0.7209455619743769,0.6502433857468524
1.4r,"NQ fixed 1, 2025-2026 (already-viewed holdout) target sweep",266.0,254.0,6.0,601.4000000000146,6.0,-3352.5999999999995,31849.40000000007,34600.60000000008,0.5658619073798938,32060.60000000008,0.5752959239163933,29520.60000000008,0.529768873978863,497,0.6208093526776629,0.8718387643751087,"[-0.78, 1.99]","[-0.74, 2.00]",0.8091873566141927,0.6383689245683043,0.5611815320582367
1.5r,"NQ fixed 1, 2025-2026 (already-viewed holdout) target sweep",265.0,254.0,5.0,-627.9999999999998,6.0,-3352.5999999999995,28730.999999999975,32711.600000000006,0.5085677058111534,30171.599999999995,0.5385997079899194,27631.599999999995,0.4933015232934658,497,0.5838852699554706,0.8199841224993843,"[-0.81, 1.94]","[-0.79, 1.93]",0.7954711654565148,0.6190744282187728,0.540725240225215
1.6r,"NQ fixed 1, 2025-2026 (already-viewed holdout) target sweep",265.0,254.0,5.0,-627.9999999999998,6.0,-3352.5999999999995,23988.999999999927,27969.599999999962,0.42374577436105937,25429.599999999948,0.4529798670100003,22889.599999999948,0.40776481178467,497,0.49818434798190364,0.6996293217912883,"[-0.88, 1.86]","[-0.87, 1.85]",0.7598820545297655,0.5723172717753122,0.4924394537785087
1.7r,"NQ fixed 1, 2025-2026 (already-viewed holdout) target sweep",265.0,254.0,5.0,-627.9999999999998,6.0,-3352.5999999999995,25159.99999999992,29140.599999999948,0.4399748621695086,26600.599999999937,0.46906109975806576,24060.599999999933,0.4243043572447511,497,0.5138071129308586,0.7215692813464589,"[-0.87, 1.87]","[-0.85, 1.85]",0.7675724073511059,0.5812938399569133,0.501275429133615
1.8r,"NQ fixed 1, 2025-2026 (already-viewed holdout) target sweep",265.0,254.0,5.0,-627.9999999999998,6.0,-3352.5999999999995,26477.000000000044,30457.600000000064,0.4580266515972483,27917.600000000053,0.4869611080668699,25377.60000000005,0.4426910773102024,497,0.531220240339184,0.746023551273451,"[-0.86, 1.87]","[-0.85, 1.86]",0.7760604770010844,0.5913355048962229,0.5112045034004147
1.9r,"NQ fixed 1, 2025-2026 (already-viewed holdout) target sweep",265.0,254.0,5.0,-627.9999999999998,6.0,-3352.5999999999995,27794.000000000022,31774.600000000035,0.4754634712765039,29234.600000000024,0.5042319843201322,26694.600000000024,0.46045963394195183,497,0.547993301331006,0.7695789386187367,"[-0.84, 1.87]","[-0.83, 1.86]",0.784272150601488,0.6010931240106028,0.5208569629616068
2.0r,"NQ fixed 1, 2025-2026 (already-viewed holdout) target sweep",265.0,254.0,5.0,-627.9999999999998,6.0,-3352.5999999999995,27720.999999999993,31701.600000000006,0.46987928462972006,29161.6,0.4983450132469383,26621.599999999995,0.45497455079950216,497,0.5417047706443009,0.7607475883821712,"[-0.85, 1.85]","[-0.84, 1.85]",0.7826176562908906,0.5980205114942825,0.5173346594118888
1.0r,"MNQ equal-risk $2,000, 1R, 2021-2024",610.0,579.0,13.0,5290.740000000001,18.0,-584.1999999999998,63677.139999999985,58970.59999999999,0.9511552475264549,53260.599999999984,0.815986671252348,47550.599999999984,0.7286238682353734,997,0.9032937691504873,1.7967031254428025,"[-0.07, 1.89]","[0.04, 1.82]",0.9630411876862623,,
1.0r,"MNQ equal-risk $2,000, 1R, 2025-2026 (already-viewed holdout)",268.0,256.0,6.0,1064.6,6.0,-2743.7200000000003,35806.31999999999,37485.44,1.2845521848861787,35891.44,1.3196217022097272,34297.44,1.2616771353543745,497,1.3774798923698166,1.9344753137744877,"[0.00, 2.80]","[0.04, 2.71]",0.9722894849926442,,
