session_date,entry,stop,orb_range,em_points,atr_14,mfe,mfe_atr,mfe_em
2021-01-21,13364.75,13283.0,81.75,181.68204484038083,231.10714285714286,28.0,0.12115592644104466,0.15411539442216082
2021-01-26,13514.25,13426.5,87.75,197.42058156245528,209.07142857142858,18.75,0.08968226853433549,0.09497490004135316
2021-01-28,13267.25,13128.25,139.0,310.9856234002057,257.51785714285717,126.75,0.49219887663823586,0.40757511107478467
2021-02-01,13116.25,12970.25,146.0,273.4048300287663,284.94642857142856,155.5,0.5457166133985085,0.56875366826416
2021-02-02,13434.5,13345.0,89.5,255.91929111718014,292.1607142857143,51.0,0.1745614571236477,0.19928157731824975
2021-02-04,13487.0,13412.0,75.0,194.6436214594375,298.44642857142856,17.5,0.0586369891701071,0.08990790383360643
2021-02-08,13675.0,13632.5,42.5,179.78336865755443,290.48214285714283,17.5,0.060244667117477106,0.09733937088103758
2021-02-09,13713.75,13645.0,68.75,183.48918432725225,275.625,21.5,0.07800453514739229,0.11717311883437682
2021-02-15,13863.0,13848.25,14.75,174.39539690309755,260.9642857142857,16.25,0.062269057068564386,0.09317906486390394
2021-02-16,13871.0,13811.5,59.5,174.49603624344414,224.85714285714286,2.5,0.011118170266836086,0.01432697300076308
2021-02-18,13596.0,13523.5,72.5,184.1405116053654,201.60714285714286,18.25,0.09052258635961027,0.09910909794316136
2021-02-23,13025.25,12757.5,267.75,192.41044514314598,216.83928571428572,94.0,0.4335007823437371,0.4885389664270441
2021-02-24,13143.25,13001.75,141.5,191.3385347479879,227.89285714285714,123.75,0.5430183356840621,0.6467594212686494
2021-03-01,13132.0,13040.25,91.75,231.21308899103823,307.75,97.5,0.31681559707554835,0.42168892957344245
2021-03-04,12783.0,12568.75,214.25,214.76105770930047,366.17857142857144,14.0,0.038232712376865305,0.06518872718046645
2021-03-08,12708.25,12526.5,181.75,197.41427428031196,414.73214285714283,7.0,0.016878363832077505,0.0354584288573813
2021-03-09,12724.75,12587.0,137.75,204.16342051538072,436.10714285714283,133.5,0.30611743509950046,0.6538879475226207
2021-03-11,13009.5,12931.75,77.75,184.88404331666916,452.76785714285717,110.0,0.24295010845986983,0.5949675159991613
2021-03-15,12987.5,12896.5,91.0,169.27225540576637,421.42857142857144,1.25,0.0029661016949152543,0.007384553345754132
2021-03-16,13245.0,13142.25,102.75,167.1216218058242,411.35714285714283,51.75,0.12580309081437752,0.30965472594639765
2021-03-17,13066.75,12934.25,132.5,162.89700737591798,392.69642857142856,6.5,0.01655222591059979,0.039902513279448576
2021-03-22,13026.0,12927.75,98.25,171.90750245418528,388.26785714285717,131.0,0.33739594352205304,0.7620377128968676
2021-03-23,13122.75,13050.5,72.25,156.07256746812178,358.625,49.25,0.1373300801673057,0.31555833801516364
2021-03-25,12823.0,12688.25,134.75,171.24789145470533,332.35714285714283,14.0,0.04212336127229745,0.08175283141341899
2021-03-29,12986.5,12852.5,134.0,154.28849326321574,299.125,16.25,0.05432511491851233,0.10532217702247922
2021-03-30,12895.25,12805.25,90.0,168.4760795427803,292.92857142857144,21.0,0.07168983174835405,0.1246467751207825
2021-03-31,13067.5,12953.0,114.5,161.42464204675463,285.98214285714283,85.0,0.29722135497970653,0.5265614897592947
2021-04-05,13490.75,13409.25,81.5,147.27681605489863,286.19642857142856,109.25,0.3817308292256817,0.74180039280097
2021-04-06,13605.0,13538.75,66.25,153.49486866042253,278.32142857142856,49.25,0.1769536763762351,0.32085763146230006
2021-04-07,13593.0,13513.0,80.0,155.15766666475562,264.32142857142856,38.0,0.14376435616808542,0.2449121646183648
2021-04-12,13814.0,13742.5,71.5,145.23641421865764,222.07142857142858,14.75,0.06642007076230298,0.10155855251144831
2021-04-15,13989.25,13923.25,66.0,149.72266195618863,216.05357142857142,32.75,0.15158277543598644,0.21873776202017567
2021-04-21,13816.0,13700.25,115.75,162.57693288650603,199.64285714285714,60.75,0.3042933810375671,0.3736692464386027
2021-04-22,13931.0,13855.25,75.75,153.57483964350337,199.42857142857142,13.0,0.06518624641833812,0.08464928259197395
2021-04-26,13952.5,13902.25,50.25,152.31768256071555,197.60714285714286,43.75,0.2213988794505693,0.28722863468304644
2021-05-03,13929.75,13851.0,78.75,163.30121833187377,197.0,17.75,0.0901015228426396,0.10869484123460141
2021-05-06,13523.75,13424.25,99.5,163.14194725265162,213.05357142857142,67.5,0.31682172491828015,0.4137501184503172
2021-05-11,13272.25,13083.75,188.5,164.37198380964904,235.67857142857142,97.5,0.4136990453098955,0.5931667778184746
2021-05-13,13189.25,13086.0,103.25,229.2300401138724,251.17857142857142,35.75,0.1423290203327172,0.15595687189271012
2021-05-18,13382.75,13300.25,82.5,166.24630648159786,278.42857142857144,13.75,0.049384299640841456,0.08270860442557872
2021-05-19,13092.0,12969.5,122.5,175.99492365464894,281.48214285714283,105.75,0.3756899067436402,0.6008696035319232
2021-05-20,13406.5,13281.5,125.0,187.31678015015362,298.2857142857143,97.5,0.32686781609195403,0.52050862673298
2021-05-24,13590.0,13493.0,97.0,172.50204057022876,292.375,75.5,0.258230012825994,0.4376759819792541
2021-05-26,13711.75,13661.75,50.0,162.73220699142612,275.89285714285717,13.25,0.048025889967637535,0.08142211210039144
2021-05-27,13699.25,13643.75,55.5,149.8118757454866,266.6607142857143,21.5,0.08062679970535057,0.1435133222450673
2021-06-03,13579.25,13462.25,117.0,149.52607790922065,189.375,30.5,0.16105610561056105,0.20397779722756437
2021-06-14,14041.25,13957.0,84.25,138.42669287738119,149.64285714285714,23.25,0.15536992840095465,0.1679589356410828
2021-06-16,14089.5,14042.5,47.0,151.0618735512148,167.32142857142858,6.0,0.03585912486659552,0.03971882420725974
2021-06-17,14040.75,13932.0,108.75,160.53386640073026,185.64285714285714,150.5,0.8106964217006541,0.9374968869454413
2021-06-21,14081.75,13958.75,123.0,183.62284201402014,195.58928571428572,62.25,0.3182689674061901,0.3390101107096852
2021-06-22,14187.75,14107.25,80.5,159.8908448919115,202.98214285714286,45.25,0.22292601389988562,0.283005571898689
2021-06-24,14387.25,14344.0,43.25,147.91004670901452,178.78571428571428,34.75,0.19436675988813426,0.23494009212480443
2021-06-28,14467.5,14391.0,76.5,142.35549971189457,175.32142857142858,27.5,0.1568547565695661,0.19317834615210322
2021-06-29,14533.75,14470.0,63.75,144.28913445877035,177.08928571428572,20.75,0.11717253201573055,0.14380847232768712
2021-07-06,14786.25,14738.75,47.5,140.36894206453763,157.89285714285714,3.5,0.022166930558697128,0.024934290652349575
2021-07-08,14644.75,14540.0,104.75,149.45027083475077,149.76785714285714,111.75,0.7461547633241922,0.7477403645762778
2021-07-13,14927.5,14842.0,85.5,152.05364287927918,150.26785714285714,67.0,0.4458704693998812,0.4406339679292899
2021-07-14,14992.5,14934.75,57.75,161.6879100507253,151.53571428571428,2.25,0.014847984916332784,0.01391569721752308
2021-07-20,14608.5,14516.75,91.75,207.05602514832358,186.25,136.25,0.7315436241610739,0.6580344614574629
2021-07-21,14761.5,14692.0,69.5,183.46672378844366,189.39285714285714,27.75,0.14652083726192722,0.1512535866285957
2021-07-22,14904.75,14839.75,65.0,168.15895947566574,185.14285714285714,18.5,0.09992283950617284,0.11001495286177203
2021-07-26,15112.75,15040.25,72.5,163.74636756481232,190.16071428571428,21.5,0.11306225936707673,0.13130062254046707
2021-07-28,15054.25,14901.5,152.75,183.59641914765285,197.25,20.5,0.10392902408111533,0.11165795114725732
2021-08-02,15045.75,14936.0,109.75,172.87747268126884,198.55357142857142,5.5,0.027700332763737748,0.03181444010429429
2021-08-03,15011.0,14902.75,108.25,184.01456124414295,201.85714285714286,25.75,0.1275654635527247,0.13993457814371527
2021-08-04,15075.25,15018.5,56.75,171.31712824675273,191.64285714285714,27.75,0.14480059634737236,0.16198030100079028
2021-08-05,15131.0,15072.75,58.25,171.2834642110234,183.82142857142858,35.5,0.1931222071109384,0.2072587693360963
2021-08-12,15008.25,14946.25,62.0,151.83619991795698,163.32142857142858,65.25,0.39951891537284057,0.42973941678767724
2021-08-17,15050.0,14954.75,95.25,152.8274148981276,156.83928571428572,7.75,0.04941363998633724,0.050710796915370386
2021-08-19,14846.75,14763.5,83.25,201.7350082254083,166.01785714285714,152.25,0.9170700225879316,0.7547029211205806
2021-08-23,15230.25,15124.75,105.5,178.06752963884233,177.91071428571428,97.0,0.5452173040248921,0.5447371578453186
2021-08-24,15361.25,15312.75,48.5,165.95502658562134,175.30357142857142,19.0,0.10838341652235918,0.11448884912321297
2021-08-30,15545.5,15455.25,90.25,160.50308276925566,177.32142857142858,69.25,0.39053373615307146,0.43145588735859985
2021-09-06,15706.25,15686.5,19.75,162.36066318990214,160.03571428571428,1.25,0.007810756527560813,0.00769890917812993
2021-09-07,15673.5,15613.5,60.0,162.02211568687184,150.32142857142858,28.0,0.18626752197671653,0.1728159139343269
2021-09-15,15439.5,15331.0,108.5,189.2673918012754,157.83928571428572,28.5,0.18056341215069577,0.15058061364275613
2021-09-22,15094.0,15014.75,79.25,231.62282767741175,205.25,109.75,0.5347137637028014,0.47383067161606457
2021-09-23,15319.0,15182.0,137.0,201.39681348921948,208.51785714285714,27.75,0.1330821272587137,0.13778768153889098
2021-09-27,15221.5,15084.0,137.5,170.19842584983607,230.76785714285714,1.5,0.0065000386907064925,0.0088132424992193
2021-10-05,14606.5,14496.5,110.0,211.260243670355,289.6607142857143,139.75,0.4824610073361692,0.6615063845995666
2021-10-06,14658.5,14511.25,147.25,196.68392408000437,306.3392857142857,46.5,0.15179248032643544,0.2364199322212291
2021-10-07,14971.25,14859.25,112.0,198.05102157887876,302.7857142857143,30.0,0.09907997169143666,0.15147611843068304
2021-10-11,14868.0,14721.5,146.5,175.79906246473558,282.01785714285717,28.75,0.10194389919584625,0.163538983638022
2021-10-14,14973.5,14890.5,83.0,175.82027887048716,286.67857142857144,70.5,0.24592001993272702,0.40097763723791924
2021-10-18,15153.5,15051.75,101.75,155.596666100748,259.44642857142856,98.5,0.37965448413517794,0.6330469827433307
2021-10-19,15359.5,15302.25,57.25,157.8086370352517,255.01785714285714,37.5,0.14704852601358448,0.23762957911881052
2021-10-20,15445.25,15396.75,48.5,152.75460949151423,248.83928571428572,0.25,0.001004664513814137,0.0016366118235789664
2021-10-21,15399.75,15334.25,65.5,150.267415851729,241.83928571428572,46.0,0.1902089640404637,0.30612092275140246
2021-10-25,15436.75,15322.25,114.5,150.04499950788275,215.82142857142858,70.0,0.3243422141320536,0.4665267101841837
2021-10-26,15674.75,15580.25,94.5,150.48226503185518,200.875,26.25,0.13067828251400124,0.1744391606176529
2021-10-27,15649.25,15558.25,91.0,157.53245209541598,201.41071428571428,68.0,0.3376185832077312,0.43165709093903404
2021-10-28,15699.25,15635.75,63.5,167.9253727067901,199.94642857142858,54.5,0.2725730106278467,0.32454892981039235
2021-11-02,15972.0,15864.25,107.75,165.10780819540736,192.96428571428572,8.25,0.042754025541365905,0.04996735218140629
2021-11-04,16253.75,16157.0,96.75,154.60739133820545,198.53571428571428,100.25,0.504946932901601,0.6484166062973146
2021-11-10,16182.75,16041.5,141.25,181.2524189233191,207.83928571428572,36.75,0.17681931437408713,0.20275591475304672
2021-11-16,16255.5,16149.0,106.5,168.85764097769103,199.30357142857142,59.25,0.29728518949914884,0.350887289772264
2021-11-17,16345.0,16269.75,75.25,168.55177637761227,195.19642857142858,53.75,0.27536364468026714,0.3188931090205899
2021-11-18,16430.5,16353.5,77.0,177.0926427239057,190.30357142857142,60.5,0.31791310875480905,0.34162909915078654
2021-11-22,16744.75,16638.25,106.5,188.91828019122454,209.0,22.75,0.10885167464114832,0.1204224386172279
2021-11-24,16225.75,16102.0,123.75,198.08805264812182,215.35714285714286,112.0,0.5200663349917081,0.5654051241492778
2021-11-29,16317.5,16208.0,109.5,294.1866632532487,240.35714285714286,104.75,0.43580980683506687,0.3560664472060946
2021-11-30,16422.25,16318.75,103.5,237.52223575911324,243.42857142857142,34.25,0.14069835680751175,0.14419702597753903
2021-12-01,16371.75,16270.75,101.0,280.41680803380984,276.875,56.0,0.20225733634311513,0.19970272250316778
2021-12-02,16018.75,15787.0,231.75,314.0276877845922,283.4107142857143,42.5,0.14995904479868943,0.1353383846495502
2021-12-06,15763.25,15559.25,204.0,304.5504664265334,322.44642857142856,119.25,0.36982887522844327,0.3915607202945021
2021-12-07,16245.5,16119.0,126.5,278.15204963609443,352.51785714285717,98.75,0.2801276531077453,0.3550216513924465
2021-12-08,16368.75,16251.5,117.25,225.71530438350445,351.01785714285717,10.25,0.02920079361041868,0.04541118746022028
2021-12-21,15813.25,15663.25,150.0,227.81747348889505,393.7142857142857,113.5,0.2882801161103048,0.4982058586719098
2021-12-22,16066.0,15933.75,132.25,212.63440910487466,394.39285714285717,74.75,0.18953183011862718,0.35154235062271655
2021-12-27,16457.75,16344.5,113.25,186.19864784965046,363.48214285714283,91.75,0.25241955293539675,0.4927533097559615
2021-12-30,16538.0,16449.5,88.5,176.58443484320142,328.01785714285717,29.5,0.08993412815068866,0.1670588918337825
2022-01-06,15861.0,15672.0,189.0,197.13211435209874,286.44642857142856,34.75,0.1213141325353781,0.1762777217411306
2022-01-10,15418.25,15240.75,177.5,182.20808634480326,301.82142857142856,8.0,0.026505738965802866,0.04390584501755384
2022-01-11,15621.0,15474.5,146.5,190.90191806302744,300.23214285714283,210.5,0.7011241301373937,1.1026604768345079
2022-01-12,16003.5,15884.5,119.0,185.59594885069387,295.5357142857143,2.75,0.009305135951661632,0.014817133763045059
2022-01-18,15408.25,15272.5,135.75,186.2636120683009,332.625,26.75,0.08042089440060128,0.143613665079098
2022-01-20,15302.75,15160.5,142.25,229.9098596138426,387.32142857142856,37.75,0.09746426924850161,0.16419478513624874
2022-01-26,14505.25,14350.0,155.25,284.722899005281,466.0892857142857,43.5,0.0933297574805563,0.15278012464741433
2022-01-27,14401.25,14231.75,169.5,289.9390355114922,481.9107142857143,5.25,0.010894134212769111,0.01810725482596119
2022-01-31,14650.0,14416.25,233.75,255.26397631387673,501.57142857142856,137.0,0.27314155511250354,0.5366993101742745
2022-02-03,14822.5,14677.25,145.25,206.26089813675011,519.5892857142857,20.5,0.03945423926865313,0.09938868775025204
2022-02-08,14592.75,14501.0,91.75,210.14211451955575,529.4464285714286,166.0,0.31353502647644105,0.7899416087038189
2022-02-09,14964.0,14863.75,100.25,202.10274403486673,502.9107142857143,30.75,0.06114405425558357,0.15215033396426828
2022-02-10,14958.25,14735.25,223.0,188.07932347444975,501.48214285714283,70.75,0.1410817932557063,0.37617106810579987
2022-02-14,14338.0,14182.25,155.75,247.11801039868726,464.01785714285717,56.0,0.12068501058302866,0.22661237806848855
2022-02-15,14540.25,14445.0,95.25,259.4885371988159,444.4642857142857,23.75,0.05343511450381679,0.091526200950461
2022-02-22,14105.5,13862.0,243.5,246.57622667396404,413.69642857142856,3.25,0.007856002071912635,0.013180508290839082
2022-02-24,13378.5,13058.75,319.75,261.426101201359,463.23214285714283,322.0,0.6951158397902933,1.2317056274039941
2022-02-28,14181.0,14027.0,154.0,246.4667209170214,489.10714285714283,111.5,0.22796641109894122,0.4523937332599925
2022-03-02,14159.0,14010.75,148.25,297.19212965268406,493.125,105.5,0.21394169835234475,0.35498921227588837
2022-03-08,13458.75,13221.5,237.25,309.0309580801109,518.0357142857143,207.5,0.400551533953809,0.6714537640148313
2022-03-09,13641.0,13496.5,144.5,301.8728731834698,527.5178571428571,109.0,0.20662807623303206,0.36107914848563716
2022-03-10,13605.5,13487.25,118.25,278.11789739625414,525.8035714285714,0.25,0.00047546272711835626,0.0008988993600933471
2022-03-14,13373.25,13205.0,168.25,259.0489361693707,522.4464285714286,19.75,0.03780291895956523,0.07624042118083477
2022-03-15,13220.5,13091.0,129.5,264.5847597514089,517.75,190.25,0.3674553355866731,0.719051241570942
2022-03-16,13750.75,13612.0,138.75,258.3921819513659,492.82142857142856,115.75,0.2348720921805928,0.4479624697847331
2022-03-17,13991.25,13819.0,172.25,235.06028699642107,483.875,100.75,0.20821493154223714,0.42861344758561437
2022-03-22,14531.0,14374.5,156.5,215.3858455820005,470.23214285714283,153.25,0.3259028595298675,0.7115137932388204
2022-03-23,14563.5,14460.75,102.75,210.4548328754118,456.30357142857144,119.25,0.26133917739600043,0.5666298956916584
2022-03-24,14563.5,14469.0,94.5,216.23454275821516,455.5357142857143,103.0,0.2261074088592709,0.47633462575482444
2022-03-30,15219.5,15141.5,78.0,181.20155435436388,385.0357142857143,15.5,0.04025600593636954,0.08554010507927363
2022-04-04,15062.0,14884.0,178.0,186.25274086514594,340.19642857142856,69.0,0.2028239987402236,0.3704643468842084
2022-04-13,14081.5,13921.5,160.0,215.19860198207175,337.17857142857144,126.5,0.3751721215972884,0.5878290975632767
2022-04-18,13945.75,13827.0,118.75,199.4194262048889,344.4107142857143,56.5,0.1640483227044123,0.2833224479442157
2022-04-19,14023.0,13833.75,189.25,195.84223499506012,351.55357142857144,174.0,0.4949459033880225,0.8884702526213967
2022-04-25,13392.75,13235.5,157.25,237.99760010196496,396.07142857142856,73.75,0.1862037871956718,0.30987707425790595
2022-04-28,13292.0,13095.5,196.5,264.59226549590215,426.82142857142856,159.5,0.3736925780269434,0.6028142950477524
2022-05-02,12983.0,12742.5,240.5,273.1626099213863,447.5892857142857,61.25,0.13684420506682624,0.22422541656644437
2022-05-03,13139.75,12968.0,171.75,267.68673307961933,434.1607142857143,44.25,0.1019207831201415,0.16530516656885835
2022-05-04,13121.0,13017.0,104.0,241.76450270476093,457.5892857142857,51.5,0.11254634146341463,0.21301721064854176
2022-05-12,11910.0,11692.75,217.25,244.2844863374317,509.7857142857143,222.75,0.4369482976040353,0.9118466888327653
2022-05-16,12366.5,12215.0,151.5,224.90199885563123,478.2857142857143,6.75,0.014112903225806451,0.03001307251312137
2022-05-19,11979.25,11795.5,183.75,233.6309151260625,480.51785714285717,97.75,0.20342636292690178,0.41839497117603675
2022-05-23,12001.25,11818.25,183.0,222.49306275998254,502.375,50.75,0.10102015426723066,0.22809699938711017
2022-05-25,11889.75,11708.0,181.75,220.57574347952496,442.875,39.75,0.08975444538526672,0.1802102052245369
2022-05-26,12161.75,11899.0,262.75,217.34774419719756,448.94642857142856,181.75,0.40483672089415695,0.8362175585089116
2022-05-30,12792.25,12746.0,46.25,207.26102047966802,426.57142857142856,44.5,0.10432016075016745,0.21470510903117637
2022-05-31,12698.0,12520.25,177.75,212.2931449821946,407.0892857142857,65.25,0.16028424792735885,0.3073580166965477
2022-06-02,12618.0,12442.25,175.75,204.19935076309622,407.2857142857143,217.75,0.5346369694843914,1.066359903624888
2022-06-06,12789.5,12673.25,116.25,199.72380099500327,413.0357142857143,21.0,0.05084306095979248,0.1051452050050128
2022-06-07,12591.25,12412.0,179.25,198.8487707189837,382.75,114.75,0.2998040496407577,0.5770717092446428
2022-06-09,12660.0,12506.25,153.75,191.08220711665288,361.10714285714283,4.0,0.01107704480269014,0.020933398563677146
2022-06-15,11556.25,11459.5,96.75,237.97513326374852,388.875,41.75,0.10736097717775635,0.17543849824732888
2022-06-20,11377.5,11333.0,44.5,223.11342057408845,399.1607142857143,55.5,0.13904173936384379,0.24875240519908717
2022-06-21,11646.75,11475.75,171.0,227.65975206401225,391.98214285714283,31.75,0.08099858776365541,0.139462508028528
2022-06-22,11629.75,11446.5,183.25,221.17356673677972,386.5,116.75,0.30206985769728334,0.5278659729665843
2022-06-23,11702.25,11543.0,159.25,213.41142689363502,376.57142857142856,41.5,0.11020485584218513,0.1944600652554736
2022-06-29,11732.0,11564.0,168.0,209.59359672780505,387.14285714285717,17.0,0.04391143911439114,0.08110934811657226
2022-06-30,11592.5,11392.75,199.75,205.64089466433765,374.32142857142856,92.75,0.24778170021944473,0.4510289655731825
2022-07-05,11507.5,11388.75,118.75,199.56617091153478,347.9107142857143,195.5,0.5619257814504953,0.9796249489932978
2022-07-07,12065.0,11918.25,146.75,203.15429789344932,319.05357142857144,61.75,0.1935411652767672,0.30395615864541903
2022-07-13,11710.0,11522.5,187.5,201.30759497536565,337.0357142857143,144.5,0.4287379463812652,0.7178069958944306
2022-07-14,11697.0,11547.75,149.25,197.6209547032652,329.25,46.75,0.1419893697798026,0.23656398214550053
2022-07-19,12086.0,11992.5,93.5,192.62064850995807,340.60714285714283,170.0,0.4991087344028521,0.8825637402586741
2022-07-20,12358.5,12256.0,102.5,190.73551920378515,336.625,159.0,0.47233568510954327,0.8336150532619025
2022-07-21,12536.75,12410.75,126.0,188.59015505853745,339.05357142857144,84.25,0.24848580607784274,0.44673593896695835
2022-07-27,12416.25,12276.25,140.0,193.11289211623364,337.57142857142856,59.5,0.1762589928057554,0.30810993169833145
2022-07-28,12665.75,12454.25,211.5,185.42434983024373,354.75,72.75,0.20507399577167018,0.39234329292028114
2022-08-01,13043.25,12851.25,192.0,175.25741575213377,347.875,65.25,0.18756737333812432,0.3723094952642857
2022-08-02,12998.0,12853.0,145.0,187.0132431812878,330.7857142857143,99.0,0.2992874109263658,0.5293742748690311
2022-08-03,13146.0,12989.25,156.75,198.16915437491778,337.0357142857143,132.75,0.39387517219455337,0.6698822549792448
2022-08-10,13368.75,13268.25,100.5,183.3365103029361,320.67857142857144,20.75,0.06470653747633366,0.11317985689655452
2022-08-11,13527.25,13456.0,71.25,168.21177528621286,316.2857142857143,48.5,0.15334236675700091,0.28832702061123305
2022-08-15,13636.75,13534.75,102.0,167.76943873889425,315.17857142857144,40.75,0.12929178470254957,0.24289286717720218
2022-08-16,13672.5,13583.0,89.5,171.82666530252038,299.82142857142856,30.0,0.10005955926146516,0.1745945540360781
2022-08-18,13507.0,13436.0,71.0,169.32134354169844,275.8392857142857,68.5,0.24833300964588592,0.40455620400348785
2022-08-23,12994.5,12866.0,128.5,194.82122066589667,268.2857142857143,24.5,0.09132055378061768,0.12575632118646668
2022-08-24,12941.5,12852.25,89.25,196.55385075632216,269.3392857142857,70.5,0.26175164092024134,0.3586803297351953
2022-08-25,13055.25,12962.0,93.25,187.67246676718293,266.375,63.0,0.23650868137024872,0.3356912235727932
2022-09-05,12154.25,12104.75,49.5,195.00998084827336,303.64285714285717,13.0,0.04281345565749235,0.06666325458549012
2022-09-07,12140.75,12035.75,105.0,205.80643207955185,322.75,76.0,0.23547637490317583,0.36927903191394507
2022-09-08,12275.25,12117.0,158.25,190.53325151605426,319.6607142857143,104.25,0.326127032009385,0.5471485904454632
2022-09-12,12743.25,12641.0,102.25,182.94656435613246,313.125,12.75,0.0407185628742515,0.06969248121642911
2022-09-14,12224.25,12098.25,126.0,209.99409890736942,359.64285714285717,28.5,0.07924528301886792,0.13571809945274532
2022-09-19,11946.25,11815.5,130.75,197.91881275592405,327.64285714285717,32.5,0.09919337257466754,0.1642087457349464
2022-09-20,11953.5,11886.5,67.0,193.97272822043823,320.75,69.5,0.2166796570537802,0.35829779081633306
2022-09-21,12004.75,11938.25,66.5,205.3915703997171,337.26785714285717,61.25,0.181606395933711,0.2982108753577375
2022-09-26,11526.5,11342.5,184.0,217.24949390729077,342.26785714285717,9.0,0.02629519486617624,0.04142702400881388
2022-09-28,11371.75,11266.0,105.75,233.5310506128856,353.60714285714283,147.25,0.41642258357741646,0.6305371367685491
2022-10-03,11157.5,11040.0,117.5,222.24320462054388,347.17857142857144,124.5,0.3586050817817097,0.5601971057453488
2022-10-04,11650.0,11514.25,135.75,220.8981865463011,356.625,26.25,0.07360672975814932,0.11883302624803531
2022-10-05,11560.75,11464.25,96.5,211.704832255992,354.82142857142856,65.25,0.18389531957725214,0.3082121428437692
2022-10-11,10972.0,10821.0,151.0,224.28500020077914,358.6607142857143,67.75,0.1888971869554394,0.3020710254334906
2022-10-13,10638.5,10484.5,154.0,224.97355382977975,370.92857142857144,479.0,1.2913537454265356,2.1291391447833137
2022-10-17,11127.5,10999.0,128.5,224.44950923765643,398.125,9.5,0.023861852433281004,0.04232577755356554
2022-10-19,11224.25,11110.25,114.0,215.65369325550242,379.0,60.25,0.15897097625329815,0.27938311229669943
2022-10-20,11245.5,11091.5,154.0,217.9038134041486,379.0892857142857,83.5,0.2202647322059447,0.3831965980564628
2022-10-24,11442.5,11300.25,142.25,214.00841390449327,375.39285714285717,11.75,0.031300542289030536,0.05490438336337439
2022-10-25,11671.0,11514.75,156.25,219.45836238341184,372.48214285714283,35.0,0.09396423606117264,0.1594835558776845
2022-10-26,11531.25,11433.0,98.25,206.7335742072876,375.14285714285717,172.25,0.4591584158415841,0.8331979972797664
2022-11-03,10873.75,10723.0,150.75,177.13631021935404,390.01785714285717,14.75,0.03781878119133739,0.08326920653215912
2022-11-08,11087.75,11006.5,81.25,170.0756425159271,372.05357142857144,143.75,0.3863690904727622,0.8452121530955747
2022-11-10,11455.25,11269.0,186.25,188.26881123843702,403.1607142857143,53.5,0.13270142180094788,0.2841681511030725
2022-11-14,11789.0,11702.0,87.0,167.2418964005436,395.57142857142856,105.75,0.2673347778981582,0.6323176325789156
2022-11-17,11659.5,11543.5,116.0,177.08299833043606,355.94642857142856,115.5,0.3244870315557116,0.6522365280063619
2022-11-22,11642.25,11527.5,114.75,163.98663328089646,319.07142857142856,60.75,0.19039623908663533,0.3704570231400503
2022-11-23,11854.75,11744.75,110.0,158.98926103681106,310.14285714285717,33.25,0.10720865960386917,0.20913362187589243
2022-11-24,11920.0,11898.75,21.25,152.80599691132377,290.19642857142856,5.0,0.01722970894098825,0.032721228885418646
2022-11-30,11609.75,11518.75,91.0,160.09153142826366,248.75,157.5,0.6331658291457286,0.9838121891573951
2022-12-08,11611.0,11477.0,134.0,165.8870197529632,242.05357142857142,74.5,0.30778310586499447,0.44910084050545024
2022-12-14,12016.75,11930.0,86.75,170.69991383718065,291.14285714285717,52.75,0.18118253189401373,0.3090218314363927
2022-12-20,11179.0,11066.25,112.75,157.88406299554464,291.01785714285717,68.25,0.234521691108793,0.4322792225199193
2022-12-21,11289.5,11181.0,108.5,152.7596710657486,291.57142857142856,88.0,0.301812836844684,0.576068273688049
2022-12-29,10987.75,10856.5,131.25,153.24493020353336,305.98214285714283,83.75,0.27370878319229647,0.5465107386506479
2023-01-04,11057.75,10954.25,103.5,159.515165529112,288.8392857142857,10.25,0.03548686244204018,0.06425721319976528
2023-01-09,11323.5,11194.5,129.0,150.7231323413921,280.51785714285717,62.0,0.22101979756827295,0.41135026214535053
2023-01-10,11256.5,11137.75,118.75,155.78769879451866,274.48214285714283,26.75,0.09745624878017047,0.17170803732894724
2023-01-11,11372.0,11290.75,81.25,147.42867115618995,277.05357142857144,70.5,0.25446342249436027,0.4781973509434293
2023-01-12,11522.5,11311.0,211.5,153.08161175474604,282.9642857142857,49.25,0.17405023349741258,0.3217238140848951
2023-01-17,11663.0,11549.25,113.75,143.19301858881994,246.05357142857142,22.0,0.08941142318020176,0.15363877524764807
2023-01-18,11739.25,11672.25,67.0,143.16782725669387,250.08928571428572,20.25,0.08097108175651553,0.14144239238675185
2023-01-23,11827.0,11671.75,155.25,147.8886476204343,250.32142857142858,156.0,0.6231987444713939,1.0548477013623385
2023-01-25,11729.75,11622.25,107.5,141.86972087295945,254.30357142857142,106.0,0.4168246611895232,0.7471643656430407
2023-01-30,12136.0,12059.25,76.75,141.50823565097346,247.32142857142858,7.5,0.030324909747292416,0.05300044881132264
2023-01-31,12059.5,11969.25,90.25,151.4796124856004,250.48214285714286,42.25,0.1686746987951807,0.27891542173053996
2023-02-02,12790.5,12669.0,121.5,143.98319426579698,281.35714285714283,136.75,0.4860370652449861,0.9497636213540012
2023-02-06,12572.0,12502.0,70.0,145.16655378522972,295.9642857142857,36.75,0.12417038735368649,0.2531574873257011
2023-02-07,12555.5,12488.5,67.0,153.6761750684211,300.5892857142857,222.75,0.7410443771163785,1.4494764715534159
2023-02-13,12486.0,12352.0,134.0,161.47749722860104,311.0357142857143,80.75,0.2596164886898611,0.5000696777315266
2023-02-14,12631.25,12390.5,240.75,161.84415111475545,309.75,42.0,0.13559322033898305,0.2595089146608699
2023-02-15,12632.75,12543.75,89.0,150.48359578177053,309.64285714285717,52.75,0.1703575547866205,0.3505365466977371
2023-02-16,12605.0,12496.5,108.5,144.75355830498046,315.32142857142856,89.5,0.2838373541737456,0.6182922274797069
2023-02-27,12156.25,12106.5,49.75,165.94274274024855,248.60714285714286,33.25,0.1337451515586841,0.20037031720059298
2023-02-28,12113.75,12041.25,72.5,159.86830246080046,239.0,58.25,0.24372384937238495,0.3643624102050051
2023-03-02,11923.75,11846.25,77.5,154.5816582570014,232.92857142857142,77.75,0.33379331493406933,0.5029704097929646
2023-03-06,12409.25,12347.25,62.0,144.53804453732252,227.28571428571428,76.5,0.33658076681332494,0.5292724157496556
2023-03-08,12217.25,12155.0,62.25,150.76746284952017,211.67857142857142,37.25,0.17597435464822003,0.24706922366385467
2023-03-09,12342.25,12230.25,112.0,148.5780847413906,226.98214285714286,11.5,0.05066477853827393,0.07740037852834397
2023-03-13,11929.75,11705.0,224.75,186.37289577111557,253.76785714285714,147.25,0.5802547322496657,0.7900826962566361
2023-03-14,12163.5,12070.25,93.25,203.20379234118988,265.44642857142856,59.5,0.22415068953918602,0.2928094958980705
2023-03-15,12299.25,12193.75,105.5,183.8552759912531,272.82142857142856,6.75,0.024741458306061004,0.03671365949988365
2023-03-16,12444.25,12314.0,130.25,204.91513673237716,282.0,243.25,0.8625886524822695,1.1870767766545662
2023-03-20,12635.25,12529.25,106.0,203.04580791602794,288.42857142857144,62.5,0.21669143140168398,0.30781231408553694
2023-03-22,12901.25,12851.0,50.25,173.75576447572007,298.69642857142856,43.75,0.14646977939857717,0.251790207547983
2023-03-23,12912.5,12847.0,65.5,181.06529816184408,299.32142857142856,119.0,0.3975659229208925,0.6572214621359008
2023-03-29,12928.5,12881.25,47.25,162.63946395886148,289.10714285714283,8.5,0.02940086473131563,0.05226283826261267
2023-03-30,13093.5,13037.0,56.5,157.70424009810264,279.48214285714283,18.5,0.066193853427896,0.11730819658679915
2023-04-03,13264.25,13197.75,66.5,156.25144230467734,255.94642857142858,2.75,0.010744435917114352,0.01759983754030077
2023-04-04,13303.0,13230.0,73.0,155.45089780232408,244.78571428571428,23.75,0.09702363583309016,0.152781362705291
2023-04-10,13052.75,12967.5,85.25,151.2932571021832,232.25,85.5,0.3681377825618945,0.5651276311822242
2023-04-13,13096.25,13019.75,76.5,157.48986652327162,219.39285714285714,101.75,0.4637799120950676,0.6460733140882104
2023-04-19,13136.0,13078.25,57.75,139.2666039544503,206.5,75.75,0.3668280871670702,0.5439207810709267
2023-04-20,13137.5,13045.75,91.75,136.2204433800876,206.28571428571428,62.25,0.30176592797783935,0.45697986627680853
2023-04-26,12970.0,12899.0,71.0,153.27542878680123,197.96428571428572,42.5,0.2146851885260689,0.27727862408472176
2023-04-27,13077.5,13013.25,64.25,155.2048744274345,209.16071428571428,141.0,0.6741227695722701,0.908476621756645
2023-05-01,13334.5,13286.0,48.5,132.5511390784825,202.875,28.5,0.14048059149722736,0.21501135484867748
2023-05-04,13089.75,13026.75,63.0,151.22737474483372,191.98214285714286,41.5,0.21616593805227421,0.27442121553735255
2023-05-08,13321.0,13261.0,60.0,144.24887494298702,198.75,33.75,0.16981132075471697,0.23397062897952836
2023-05-10,13424.0,13321.5,102.5,149.761518278866,199.05357142857142,10.0,0.050237732125235496,0.0667728273252367
2023-05-11,13434.75,13372.25,62.5,143.36486328617755,197.01785714285714,25.0,0.12689205111936916,0.17438024510996317
2023-05-15,13432.0,13373.75,58.25,144.09704031477128,189.03571428571428,47.0,0.24863026638957114,0.3261690864526526
2023-05-16,13519.25,13434.5,84.75,145.79951828936254,187.5,35.0,0.18666666666666668,0.24005566280772536
2023-05-17,13540.75,13475.0,65.75,153.45237442969247,173.19642857142858,128.5,0.7419321579544282,0.8373933637558346
2023-05-18,13731.5,13652.75,78.75,145.92603874699842,184.92857142857142,124.0,0.6705291618385477,0.8497455359217073
2023-05-25,13976.5,13851.25,125.25,176.35147958996617,184.71428571428572,26.75,0.1448182521268368,0.15168571345245457
2023-05-29,14379.75,14367.75,12.0,162.59811937007018,207.19642857142858,31.5,0.1520296475049556,0.1937291779390548
2023-06-01,14323.5,14252.0,71.5,161.87184646151522,217.55357142857142,163.5,0.7515390297956169,1.0100582873061368
2023-06-05,14657.25,14567.75,89.5,134.8047144523527,223.5,38.0,0.17002237136465326,0.2818892510872182
2023-06-06,14578.75,14505.0,73.75,135.27662671968432,218.05357142857142,45.25,0.20751781180902465,0.3344997661256407
2023-06-08,14406.5,14328.0,78.5,126.50887302479933,230.85714285714286,117.0,0.5068069306930693,0.9248363154501004
2023-06-12,14642.0,14601.0,41.0,127.56229150811548,238.66071428571428,71.25,0.2985409652076319,0.5585506434357765
2023-06-14,15127.5,15053.0,74.5,139.2249617186365,237.66071428571428,88.25,0.3713276730032309,0.6338662184612183
2023-06-15,15250.75,15114.25,136.5,133.3461243533786,232.44642857142858,108.5,0.4667742183298763,0.8136719422940688
2023-06-22,15132.75,14964.0,168.75,125.83212133646843,239.48214285714286,48.0,0.2004324807993438,0.3814606277808076
2023-06-26,15140.75,15024.25,116.5,128.18770932160382,256.2857142857143,11.5,0.04487179487179487,0.08971218895212658
2023-06-27,14982.75,14898.0,84.75,134.49499618950122,249.625,133.75,0.5358037055583375,0.9944607887980342
2023-06-28,15113.75,15025.5,88.25,130.81534668529946,244.44642857142858,105.0,0.42954196800350647,0.8026581181839234
2023-07-05,15407.0,15292.5,114.5,132.96531884741387,198.41071428571428,24.75,0.12474124741247412,0.1861387632093914
2023-07-06,15215.5,15129.5,86.0,135.91337244339917,200.60714285714286,22.75,0.11340573259747196,0.1673860311977336
2023-07-11,15236.0,15141.5,94.5,144.63851221880432,199.57142857142858,14.0,0.07015032211882605,0.09679303102082014
2023-07-12,15487.5,15408.0,79.5,144.78212611973206,198.08928571428572,20.25,0.10222662940593166,0.13986533105097265
2023-07-13,15631.25,15552.25,79.0,133.3251567742384,200.46428571428572,42.25,0.21076073401033316,0.31689443329545525
2023-07-17,15784.75,15708.75,76.0,132.645727837557,189.66071428571428,36.25,0.19113077864607853,0.27328433859847434
2023-07-18,15831.75,15733.5,98.25,134.43691722366745,196.73214285714286,122.25,0.6214032858309885,0.9093484328907093
2023-07-19,16041.75,15978.0,63.75,134.40119013185625,200.08928571428572,20.75,0.1037037037037037,0.15438851381928173
2023-07-25,15672.5,15588.25,84.25,137.3299108450471,222.01785714285714,36.75,0.16552722593099012,0.26760375634020456
2023-08-01,15811.25,15765.0,46.25,135.75686207968195,239.01785714285714,32.75,0.13701905117669033,0.24124010748552452
2023-08-03,15473.25,15351.0,122.25,156.83295167036582,247.51785714285714,50.5,0.2040256835726138,0.3219986582038051
2023-08-10,15430.25,15273.25,157.0,155.13349583670674,248.21428571428572,8.25,0.03323741007194245,0.05318000445683205
2023-08-14,15130.5,15036.25,94.25,141.44477541595518,262.60714285714283,118.0,0.44934040527675784,0.834247851523609
2023-08-16,15135.75,15050.75,85.0,156.93994868811885,256.625,8.75,0.034096444227959086,0.055753809486637225
2023-08-21,14916.0,14805.5,110.5,162.55420462286244,264.23214285714283,48.75,0.18449685747110903,0.2998999632959574
2023-08-23,15106.25,14999.25,107.0,161.48725028685664,263.9107142857143,136.25,0.5162730901955478,0.8437198587379088
2023-08-29,15229.75,15062.25,167.5,144.67511807801526,295.7142857142857,170.5,0.5765700483091787,1.1785025805754574
2023-08-30,15478.75,15386.5,92.25,140.89755687708043,285.5357142857143,45.75,0.1602251407129456,0.32470399781248493
2023-08-31,15582.25,15488.75,93.5,136.24462050754445,279.73214285714283,24.5,0.08758378550909672,0.17982361364970978
2023-09-05,15511.0,15445.75,65.25,135.03537987082237,254.35714285714286,66.25,0.2604605447907891,0.4906121644814575
2023-09-07,15270.5,15157.5,113.0,139.00193118252164,252.85714285714286,17.25,0.06822033898305084,0.12409899526754954
2023-09-11,15453.75,15352.0,101.75,134.7316728179437,244.80357142857142,15.75,0.06433729666642352,0.11689901617478025
2023-09-13,15581.25,15493.5,87.75,139.6712196473626,209.23214285714286,38.75,0.18520099001450882,0.2774372565646291
2023-09-14,15645.5,15536.25,109.25,132.85535638339977,201.19642857142858,63.5,0.3156119641430727,0.4779634162189813
2023-09-18,15435.25,15343.25,92.0,134.08421810082692,197.23214285714286,25.5,0.12928927116342237,0.19017898124911942
2023-09-19,15378.0,15303.0,75.0,135.6212122051709,199.42857142857142,0.0,0.0,0.0
2023-09-25,14914.0,14782.5,131.5,161.59291497984225,227.78571428571428,22.0,0.09658200062715586,0.13614458284105072
2023-09-28,14771.25,14656.25,115.0,169.53733448950354,239.53571428571428,176.75,0.7378857909646638,1.0425432282052483
2023-10-02,14982.5,14847.25,135.25,165.3552993323338,245.23214285714286,63.75,0.2599577659651933,0.3855334558820168
2023-10-04,14845.25,14748.0,97.25,184.9752114972629,263.2857142857143,54.75,0.20794899620184482,0.2959856056215951
2023-10-09,15074.5,14949.25,125.25,165.70594012364842,286.0892857142857,118.25,0.41333250109231634,0.7136135247279779
2023-10-10,15264.0,15180.0,84.0,170.19286662237892,277.7142857142857,119.5,0.430298353909465,0.7021445867360857
2023-10-12,15423.0,15365.5,57.5,156.32363036931815,272.7142857142857,46.5,0.17050811943425878,0.297459826707854
2023-10-16,15264.0,15168.75,95.25,185.76984085561358,281.26785714285717,61.25,0.21776395149514316,0.3297090621270732
2023-10-17,15158.75,15050.0,108.75,164.34026786580768,283.07142857142856,150.5,0.5316679283371184,0.9157828568399987
2023-10-18,15200.5,15121.5,79.0,171.20841936490737,280.07142857142856,23.5,0.08390716653914818,0.13725960491413075
2023-10-19,15115.25,15021.0,94.25,183.00731427090884,284.875,2.75,0.009653356735410267,0.01502672180593355
2023-10-23,14657.5,14514.25,143.25,200.45618275435325,283.57142857142856,196.75,0.6938287153652394,0.9815112574557256
2023-10-24,14848.25,14759.0,89.25,190.5311679868968,274.8392857142857,29.5,0.10733545578584887,0.15483031102831832
2023-10-31,14435.25,14311.25,124.0,179.5937171089622,276.42857142857144,48.75,0.1763565891472868,0.2714460215243646
2023-11-01,14631.0,14515.25,115.75,167.1902790523463,285.89285714285717,18.5,0.06470955652717052,0.11065236630299395
2023-11-02,14955.25,14900.75,54.5,158.93095371744153,281.17857142857144,44.75,0.1591515305474406,0.2815688130806769
2023-11-07,15309.25,15224.5,84.75,143.59798389886976,273.30357142857144,98.25,0.3594903626265926,0.6842018065462082
2023-11-09,15429.75,15365.75,64.0,140.4515273018901,259.0892857142857,23.5,0.0907023226962575,0.16731751125417454
2023-11-13,15543.25,15465.25,78.0,138.74310583596085,255.46428571428572,46.25,0.18104291905494196,0.33334989671257925
2023-11-14,15884.5,15790.0,94.5,147.69290611927073,247.0,18.25,0.07388663967611336,0.12356720765763826
2023-11-20,15999.75,15894.75,105.0,139.08875277167581,232.92857142857142,76.0,0.32628028212204846,0.5464136997817463
2023-11-23,16073.5,16053.25,20.25,130.11078941057085,202.0,0.75,0.0037128712871287127,0.0057643182659766895
2023-11-27,16044.25,15970.25,74.0,125.93231656855923,193.67857142857142,44.75,0.23105292273649272,0.3553496133427952
2023-11-28,16010.75,15958.25,52.5,127.98911261381704,193.33928571428572,60.75,0.31421446384039897,0.4746497476179997
2023-12-05,15925.75,15783.25,142.5,131.22221599138206,178.0,36.0,0.20224719101123595,0.2743437894873249
2023-12-07,15993.75,15888.0,105.75,130.67424782296922,198.60714285714286,62.5,0.3146916022298148,0.4782885766801719
2023-12-11,16168.25,16068.5,99.75,125.78524586755543,194.64285714285714,75.75,0.3891743119266055,0.6022168933847802
2023-12-12,16257.5,16185.0,72.5,129.3471436898951,193.625,64.5,0.3331181407359587,0.49865809294278907
2023-12-18,16896.25,16832.0,64.25,130.70386291428144,223.16071428571428,60.75,0.27222533408017924,0.46479115953781125
2023-12-19,16997.75,16944.5,53.25,134.48715500153827,218.08928571428572,15.0,0.06877916973716532,0.1115348153496773
2023-12-20,17026.5,16970.75,55.75,134.39285601522639,223.375,47.0,0.21040850587576945,0.34972097024766713
2023-12-26,17057.75,17005.25,52.5,140.0122034463918,207.21428571428572,6.25,0.030162013098931403,0.04463896607693211
2024-01-04,16513.75,16443.0,70.75,146.05369309805334,187.67857142857142,70.25,0.37431018078020933,0.48098749514562134
2024-01-08,16641.25,16505.25,136.0,139.94807862384184,205.94642857142858,101.5,0.4928466140639903,0.7252689783102764
2024-01-09,16720.75,16660.75,60.0,137.77271827310497,209.08928571428572,147.75,0.7066359210863438,1.0724184138336967
2024-01-10,16885.5,16813.25,72.25,135.72639971800936,213.25,47.0,0.22039859320046892,0.3462848797113096
2024-01-15,16968.5,16936.0,32.5,135.752208392108,208.44642857142858,11.5,0.0551700505439904,0.08471317068215412
2024-01-16,16965.0,16855.0,110.0,141.60202753495068,213.66071428571428,69.0,0.32294191391558713,0.48728115833630414
2024-01-18,17059.5,16995.5,64.0,158.94036345796746,245.14285714285714,43.0,0.1754079254079254,0.2705417243579637
2024-01-23,17490.0,17409.25,80.75,145.32299328060824,233.96428571428572,3.0,0.012822469851931003,0.020643670573225918
2024-01-24,17703.25,17637.25,66.0,139.9575907297459,239.23214285714286,90.75,0.379338657908487,0.6484107044628659
2024-01-25,17730.5,17660.5,70.0,146.76283004231328,237.69642857142858,21.5,0.09045150627300728,0.14649485836298823
2024-01-29,17599.5,17529.75,69.75,147.00888491424226,221.60714285714286,10.25,0.04625302175664786,0.06972367694632434
2024-02-01,17352.75,17285.0,67.75,156.8627919655099,243.80357142857142,60.25,0.24712517395444225,0.3840936352404554
2024-02-07,17807.5,17718.25,89.25,146.50277788606712,246.5,68.5,0.2778904665314402,0.4675679259356526
2024-02-08,17852.75,17807.5,45.25,144.28843049993938,229.67857142857142,43.75,0.19048359508630075,0.303212113739212
2024-02-12,18060.0,18007.25,52.75,147.10112714388015,237.53571428571428,61.5,0.2589084348218313,0.41807973326979764
2024-02-13,17705.0,17586.5,118.5,155.3627060919553,251.25,87.0,0.34626865671641793,0.5599799474946509
2024-02-14,17826.0,17743.0,83.0,177.98479321570062,251.0,21.0,0.08366533864541832,0.11798760793316763
2024-02-15,17916.5,17810.5,106.0,162.2974848533867,252.625,16.25,0.06432459178624443,0.10012478021258077
2024-02-21,17522.75,17448.5,74.25,170.2105081141566,239.57142857142858,0.25,0.0010435301132975551,0.0014687694829765168
2024-02-22,17971.25,17864.0,107.25,173.66143084266488,244.91071428571428,84.75,0.34604447685016404,0.48801855189585797
2024-02-26,18055.75,17966.0,89.75,156.39323410187478,240.48214285714286,4.0,0.016633251652186827,0.02557655401763988
2024-02-27,18028.5,17938.0,90.5,156.0436342877129,232.30357142857142,4.0,0.017218848489507266,0.025633855672861406
2024-02-28,17951.25,17876.25,75.0,151.86945606702588,237.01785714285714,23.75,0.10020342047766143,0.15638430936052214
2024-03-06,18132.0,18036.75,95.25,165.16336897293974,249.21428571428572,42.25,0.1695328174261966,0.2558073273918396
2024-03-07,18227.0,18119.0,108.0,166.48799586386363,258.64285714285717,133.0,0.5142225904446285,0.7988563938793125
2024-03-11,18008.5,17898.0,110.5,167.2148152460525,273.1607142857143,14.5,0.0530823037196836,0.08671480441887644
2024-03-12,18109.75,17929.75,180.0,173.63082831916688,271.0,98.5,0.3634686346863469,0.5672955716074685
2024-03-18,18372.75,18277.5,95.25,166.77765996171806,294.125,7.25,0.024649383765405864,0.04347105002950729
2024-03-19,18153.75,18053.25,100.5,163.87483611433623,298.7857142857143,132.5,0.44346163040879755,0.8085439054691358
2024-03-25,18497.25,18415.0,82.25,152.17736954951874,273.48214285714283,60.5,0.22122102513875289,0.3975623982665386
2024-03-26,18606.75,18550.0,56.75,154.60197857198156,269.75,1.0,0.0037071362372567192,0.006468222523649057
2024-04-02,18294.25,18223.5,70.75,157.306616747941,230.41071428571428,6.25,0.027125474695807176,0.03973132299968435
2024-04-03,18352.5,18239.0,113.5,168.90603932845988,228.73214285714286,99.5,0.4350066359590913,0.5890849160609896
2024-04-08,18340.0,18237.75,102.25,185.19641835479553,237.03571428571428,37.5,0.15820400783486516,0.2024877172740904
2024-04-10,18221.5,18107.25,114.25,171.94742180194294,241.69642857142858,3.0,0.01241226449944588,0.017447193848917027
2024-04-11,18278.75,18222.5,56.25,181.9295769234585,261.55357142857144,165.75,0.6337133884071823,0.9110668138899395
2024-04-16,17912.75,17822.0,90.75,216.99077880036793,304.05357142857144,24.75,0.08140012920655429,0.11406014641188998
2024-04-18,17682.75,17551.0,131.75,202.84274650290376,330.01785714285717,63.25,0.191656295654997,0.31181790372323986
2024-04-22,17344.5,17264.0,80.5,204.42560974575136,346.32142857142856,70.25,0.20284624110549657,0.34364578923047595
2024-04-23,17529.75,17413.5,116.25,187.06341481537586,358.67857142857144,110.75,0.3087722791994424,0.5920452169084256
2024-04-25,17410.5,17308.0,102.5,175.15231800585767,358.73214285714283,169.5,0.47249738662949875,0.9677291281656425
2024-05-02,17604.5,17483.0,121.5,170.67190824458262,362.14285714285717,12.0,0.03313609467455621,0.0703103406027623
2024-05-06,18111.5,18042.5,69.0,153.90973821451712,350.9107142857143,21.75,0.06198157854562109,0.14131659407857072
2024-05-07,18250.5,18188.0,62.5,155.0909464861577,334.10714285714283,17.25,0.051630144307856764,0.1112250611065786
2024-05-08,18194.5,18079.0,115.5,151.63508502186878,325.01785714285717,47.75,0.14691500467007307,0.31490073681241715
2024-05-09,18204.0,18108.0,96.0,149.0767474442994,303.76785714285717,33.5,0.11028158250543765,0.2247164670165402
2024-05-14,18344.0,18265.25,78.75,157.15661997197532,264.10714285714283,27.5,0.10412440838404328,0.17498467455525507
2024-05-15,18536.25,18447.25,89.0,156.70184996834664,250.92857142857142,147.5,0.5878166808995161,0.9412779748917744
2024-05-16,18718.5,18672.0,46.5,146.8047557514818,243.41071428571428,42.25,0.17357493947619398,0.2877972159943023
2024-05-20,18756.0,18635.25,120.75,141.66388142095863,220.33928571428572,38.5,0.17473052921630602,0.27177004903314805
2024-05-21,18723.75,18678.0,45.75,143.307474105507,202.125,52.0,0.2572665429808287,0.36285616172200574
2024-05-22,18834.5,18789.0,45.5,140.71439056890424,186.83928571428572,4.0,0.021408773774252127,0.02842637475689668
2024-05-27,18913.5,18877.25,36.25,142.13861424817003,194.07142857142858,43.75,0.22543246227456754,0.30779813234715886
2024-05-28,18937.25,18838.75,98.5,147.44671895977615,193.44642857142858,8.5,0.04393981353272408,0.05764794266001146
2024-05-29,18856.75,18761.0,95.75,153.47197661217393,199.83928571428572,23.25,0.11634349030470914,0.15149345511300158
2024-06-05,18876.25,18813.5,62.75,156.48450464784665,245.66071428571428,152.5,0.6207748782438032,0.9745373853033347
2024-06-10,19035.5,18977.5,58.0,146.5329268521975,248.41071428571428,85.75,0.34519445043490765,0.5851927061178062
2024-06-11,19092.5,18994.75,97.75,153.22582094971878,253.19642857142858,73.75,0.29127583045348754,0.48131574393196525
2024-06-12,19509.5,19374.5,135.0,157.92431306221619,251.26785714285714,37.0,0.1472532158339848,0.2342894471570277
2024-06-17,19714.0,19640.25,73.75,157.22014320107237,267.125,253.25,0.9480580252690688,1.6107986854846765
2024-06-18,19949.75,19889.5,60.25,160.23130584008638,260.875,3.25,0.012458073790129372,0.020283177391336723
2024-06-24,19975.75,19866.75,109.0,166.10272407770955,258.42857142857144,19.75,0.07642343836373687,0.11890232450829737
2024-06-25,19874.75,19792.25,82.5,166.89047605750343,248.30357142857142,93.25,0.3755483638978785,0.5587496794476755
2024-06-26,20002.5,19918.5,84.0,161.78901554725525,252.80357142857142,25.5,0.10086882814155541,0.15761267792962108
2024-06-27,20111.0,19989.75,121.25,158.99267689073588,254.78571428571428,5.5,0.02158676759181385,0.03459278821866588
2024-07-01,20004.5,19841.25,163.25,156.7645322264913,268.94642857142856,22.0,0.08180067724586682,0.14033786652847402
2024-07-02,20113.75,19976.5,137.25,154.83316211674963,267.2142857142857,102.25,0.3826516974071104,0.6603882437206825
2024-07-03,20284.5,20216.0,68.5,153.71974807275114,270.10714285714283,151.0,0.559037419013619,0.9823071003768237
2024-07-08,20658.5,20600.75,57.75,162.41012456575132,253.94642857142858,12.75,0.05020743970184938,0.07850495795191756
2024-07-10,20785.5,20721.5,64.0,163.8013645453391,229.5,95.0,0.4139433551198257,0.5799707484958383
2024-07-15,20668.5,20581.5,87.0,162.22834255245752,270.1607142857143,128.0,0.4737920549937207,0.7890113280212453
2024-07-23,20052.75,19933.25,119.5,188.34379309047415,311.75,32.25,0.10344827586206896,0.1712294282217634
2024-07-25,19246.75,19016.5,230.25,218.72260414143634,373.39285714285717,143.75,0.3849832615973218,0.6572251668466991
2024-07-31,19444.75,19310.5,134.25,216.6855378416696,420.875,71.25,0.1692901692901693,0.3288175145867917
2024-08-05,18042.5,17509.25,533.25,265.8438790997524,540.0714285714286,246.75,0.45688401005158047,0.928176344836633
2024-08-06,18181.25,17961.25,220.0,441.7464896564248,533.5178571428571,268.5,0.5032633798574154,0.6078146771666031
2024-08-08,18276.0,18064.75,211.25,320.6314200629306,596.0892857142857,256.5,0.43030466433000814,0.7999839814502787
2024-08-12,18674.0,18524.0,150.0,239.6227859166778,588.3392857142857,91.5,0.1555225058427171,0.3818501635809234
2024-08-13,18946.75,18815.75,131.0,247.1806973813878,575.2321428571429,141.25,0.24555303759351813,0.5714442976186693
2024-08-14,19176.0,19011.0,165.0,218.88497137963324,558.8928571428571,27.75,0.04965173493513963,0.12677891874024785
2024-08-15,19464.25,19336.25,128.0,198.51085158188982,577.1428571428571,122.5,0.21225247524752477,0.6170947281915529
2024-08-19,19654.0,19545.0,109.0,183.2366725622427,558.3214285714286,68.75,0.12313695387961364,0.3751978195120667
2024-08-21,19900.0,19813.25,86.75,199.06884840765318,476.2142857142857,82.0,0.17219139043047849,0.4119177895281757
2024-08-27,19572.25,19441.75,130.5,199.11914130534296,357.64285714285717,122.25,0.34182144997004194,0.6139540337437146
2024-08-29,19681.0,19478.0,203.0,212.12746425545103,355.375,11.0,0.03095321843123461,0.051855614446762205
2024-09-02,19651.5,19614.0,37.5,185.6892210335207,334.30357142857144,18.25,0.054591100902729554,0.09828249533507118
2024-09-04,18992.75,18860.0,132.75,247.9004598518952,349.30357142857144,122.25,0.34998210725423035,0.4931414813552045
2024-09-05,19085.0,18884.75,200.25,256.3179932409418,355.3392857142857,65.25,0.18362731795567616,0.2545665997730572
2024-09-09,18698.5,18605.0,93.5,263.6128524564012,387.94642857142856,31.5,0.08119677790563867,0.11949341508381034
2024-09-11,18914.25,18773.25,141.0,227.33548216894982,412.625,157.25,0.38109663738261135,0.6917090042421793
2024-09-12,19311.5,19185.25,126.25,215.20064613992992,411.67857142857144,157.25,0.38197275960787713,0.7307134194093048
2024-09-17,19604.25,19475.25,129.0,211.67071623774697,380.01785714285717,2.0,0.005262910577510455,0.00944863812788168
2024-09-19,20085.75,19963.25,122.5,230.66114904595486,393.7857142857143,117.25,0.29775077090513336,0.5083214077661607
2024-09-23,20109.75,20031.75,78.0,204.58742106120246,360.05357142857144,16.25,0.045132172791747256,0.0794281482004644
2024-09-24,20163.75,20081.75,82.0,201.8342805942442,358.05357142857144,51.0,0.14243678619520223,0.2526825465418702
2024-09-25,20245.5,20138.25,107.25,196.27584528760815,350.7857142857143,27.25,0.07768275300346161,0.13883521917875252
2024-10-02,19997.5,19833.5,164.0,242.62286002296491,296.05357142857144,92.0,0.31075456903311416,0.37918933109308806
2024-10-03,20091.0,19894.5,196.5,239.20105315769408,301.98214285714283,24.0,0.07947489799538762,0.10033400640664371
2024-10-07,20169.0,20088.75,80.25,244.06834735354138,313.25,18.75,0.05985634477254589,0.07682274331476495
2024-10-08,20188.0,20069.5,118.5,287.9184185405612,310.125,86.25,0.2781136638452237,0.29956402385507447
2024-10-09,20300.5,20238.25,62.25,273.9213799003603,293.0357142857143,148.0,0.5050578915295552,0.5403010164954464
2024-10-10,20402.25,20301.25,101.0,268.0970891079655,291.80357142857144,105.75,0.36240132182852947,0.39444665494825043
2024-10-21,20527.75,20423.0,104.75,233.1507443349957,278.1607142857143,26.5,0.09526866533992424,0.11366037057091384
2024-10-22,20491.25,20368.75,122.5,237.1249966728325,277.14285714285717,85.75,0.3094072164948453,0.361623621310205
2024-10-24,20381.5,20296.0,85.5,247.02501853951122,280.875,2.0,0.007120605251446373,0.00809634591599111
2024-10-29,20531.5,20432.0,99.5,256.0858600604353,269.2857142857143,154.5,0.5737400530503979,0.6033132792397775
2024-10-30,20679.5,20543.0,136.5,251.93948270159004,280.76785714285717,20.0,0.07123322521147363,0.07938414330908593
2024-11-04,20161.5,20013.25,148.25,277.88806034992115,286.26785714285717,65.25,0.2279333790780363,0.234806777656572
2024-11-05,20305.75,20147.0,158.75,281.1554151830006,297.125,67.25,0.22633571729070256,0.23919155160581843
2024-11-06,20813.0,20643.5,169.5,268.64352179570665,318.1607142857143,63.5,0.19958466632990965,0.23637272015920555
2024-11-07,21116.0,21003.75,112.25,216.42076900377072,331.14285714285717,83.0,0.25064710957722175,0.3835121757586671
2024-11-13,21195.75,21121.75,74.0,196.40891240488696,310.5357142857143,73.0,0.23507763082231167,0.37167356158214565
2024-11-18,20587.25,20500.5,86.75,209.31560070820285,323.0,137.25,0.42492260061919507,0.6557084112967473
2024-11-19,20602.5,20508.0,94.5,202.2027723326486,326.07142857142856,190.0,0.5826944140197152,0.939650815901903
2024-11-28,20900.0,20873.75,26.25,185.63725091848193,289.85714285714283,9.5,0.03277476589452933,0.051175073714982415
2024-12-02,21175.0,21026.5,148.5,180.20983857126652,296.44642857142856,84.5,0.28504306969459675,0.4688978175105755
2024-12-03,21210.5,21134.75,75.75,178.24053027754653,295.75,52.0,0.17582417582417584,0.2917406042218816
2024-12-04,21444.75,21388.25,56.5,179.66867218851587,294.30357142857144,51.75,0.17583884473029548,0.2880301800510984
2024-12-05,21559.75,21497.75,62.0,182.66937151103537,265.19642857142856,8.0,0.030166318766413038,0.04379497194206258
2024-12-10,21593.5,21505.25,88.25,193.0212688034203,246.23214285714286,13.25,0.053811008775110594,0.06864528495817873
2024-12-11,21724.0,21573.0,151.0,194.05094166871962,247.73214285714286,87.5,0.3532040654508758,0.45091252455439496
2024-12-12,21707.5,21655.75,51.75,185.69889062462187,246.51785714285714,37.0,0.1500905469032959,0.19924728616065387
2024-12-16,21989.5,21896.0,93.5,191.29726575209116,250.98214285714286,138.25,0.5508360014229812,0.7226972087471601
2024-12-17,22074.75,21975.75,99.0,204.27598778455473,242.39285714285714,6.0,0.024753204655959923,0.029372027838769108
2024-12-18,22013.0,21913.25,99.75,220.0674899281135,311.30357142857144,41.0,0.1317042390867894,0.18630648267671396
2024-12-23,21681.0,21552.5,128.5,250.75622082297946,373.5892857142857,75.25,0.20142440609913484,0.3000922559489461
2024-12-26,22012.25,21870.5,141.75,197.87372946855393,388.17857142857144,62.75,0.1616524059251081,0.31712142975488933
