configuration,trades,net_pnl,win_rate_pct,profit_factor,expectancy,avg_win,avg_loss,max_drawdown,sharpe,avg_contracts,median_contracts,avg_planned_risk,min_planned_risk,max_planned_risk,target_exits,stop_exits,time_exits
harvey_target_vol_target_0.4r,582.0,1976.7600000000184,66.49484536082474,1.0141860482473193,3.3964948453608566,365.1734366925066,-714.5915897435897,-13179.27999999997,0.0648456582649736,4.975945017182131,5.0,1043.4674226804125,303.71999999999997,3204.7200000000003,345.0,100.0,137.0
harvey_target_vol_target_0.5r,582.0,5486.709999999989,62.7147766323024,1.0361680368663204,9.427336769759432,430.6499452054794,-699.080737327189,-13368.24000000002,0.16807125187315813,4.975945017182131,5.0,1043.4674226804125,303.71999999999997,3204.7200000000003,302.0,107.0,173.0
harvey_target_vol_target_0.6r,582.0,13546.460000000086,60.65292096219931,1.0851357821221437,23.2757044673541,489.12861189801725,-694.8294323144105,-11927.580000000002,0.39217905508493894,4.975945017182131,5.0,1043.4674226804125,303.71999999999997,3204.7200000000003,261.0,113.0,208.0
harvey_target_vol_target_0.7r,582.0,14063.460000000003,58.4192439862543,1.0852462033250934,24.164020618556705,526.5825882352941,-681.7133057851239,-10695.509999999995,0.39240610460803593,4.975945017182131,5.0,1043.4674226804125,303.71999999999997,3204.7200000000003,217.0,116.0,249.0
harvey_target_vol_target_0.8r,582.0,15410.559999999972,56.70103092783505,1.0912044683712503,26.478625429553215,558.7203636363636,-670.5046031746031,-10108.320000000036,0.4169692968733881,4.975945017182131,5.0,1043.4674226804125,303.71999999999997,3204.7200000000003,169.0,119.0,294.0
harvey_target_vol_target_0.9r,582.0,19916.90999999989,56.013745704467354,1.1165270056373413,34.22149484536064,585.3923006134967,-667.6600781249999,-10435.509999999995,0.5242838440707664,4.975945017182131,5.0,1043.4674226804125,303.71999999999997,3204.7200000000003,142.0,121.0,319.0
harvey_target_vol_target_1.0r,582.0,24625.459999999985,55.49828178694158,1.143198270278619,42.31178694158073,608.6471826625387,-663.9674903474903,-10301.460000000006,0.6335451971269837,4.975945017182131,5.0,1043.4674226804125,303.71999999999997,3204.7200000000003,112.0,123.0,347.0
harvey_target_vol_target_1.1r,582.0,25039.910000000025,54.98281786941581,1.1443547130887883,43.02390034364266,620.3152812500001,-662.0648091603052,-11222.099999999991,0.6373053076341381,4.975945017182131,5.0,1043.4674226804125,303.71999999999997,3204.7200000000003,90.0,124.0,368.0
harvey_target_vol_target_1.2r,582.0,26874.75999999998,54.29553264604811,1.154070531051896,46.17656357388313,637.0452531645569,-655.7576691729322,-11159.000000000015,0.6719618171418519,4.975945017182131,5.0,1043.4674226804125,303.71999999999997,3204.7200000000003,77.0,125.0,380.0
harvey_target_vol_target_1.3r,582.0,29864.15999999998,54.123711340206185,1.170833426289009,51.312989690721615,649.7735238095237,-654.7359550561798,-10577.699999999997,0.73790667817555,4.975945017182131,5.0,1043.4674226804125,303.71999999999997,3204.7200000000003,65.0,125.0,392.0
harvey_target_vol_target_1.4r,582.0,29880.45999999995,54.123711340206185,1.1709266679823467,51.340996563573796,649.8252698412697,-654.7359550561798,-10339.180000000008,0.7357320008716792,4.975945017182131,5.0,1043.4674226804125,303.71999999999997,3204.7200000000003,50.0,125.0,407.0
harvey_target_vol_target_1.5r,582.0,27901.45999999999,53.95189003436426,1.158649162268221,47.94065292096218,648.9503184713377,-656.2273880597015,-10696.63000000002,0.6839311271017604,4.975945017182131,5.0,1043.4674226804125,303.71999999999997,3204.7200000000003,40.0,126.0,416.0
harvey_target_vol_target_1.6r,582.0,27447.760000000046,53.95189003436426,1.15606940031594,47.161099656357464,647.505414012739,-656.2273880597015,-11340.479999999996,0.6712146059680665,4.975945017182131,5.0,1043.4674226804125,303.71999999999997,3204.7200000000003,34.0,126.0,422.0
harvey_target_vol_target_1.7r,582.0,29874.459999999995,53.95189003436426,1.1698677435594937,51.33068728522336,655.2337579617835,-656.2273880597015,-11320.330000000002,0.7234848150793899,4.975945017182131,5.0,1043.4674226804125,303.71999999999997,3204.7200000000003,30.0,126.0,426.0
harvey_target_vol_target_1.8r,582.0,30008.35999999998,53.608247422680414,1.1704237086475593,51.56075601374567,660.5425,-652.1514814814815,-11209.180000000022,0.7226193509571671,4.975945017182131,5.0,1043.4674226804125,303.71999999999997,3204.7200000000003,24.0,126.0,432.0
harvey_target_vol_target_1.9r,582.0,28358.40999999996,53.43642611683849,1.1609098635219468,48.725790378006806,657.8658199356912,-650.3242066420663,-11598.880000000005,0.6858086405683446,4.975945017182131,5.0,1043.4674226804125,303.71999999999997,3204.7200000000003,18.0,126.0,438.0
harvey_target_vol_target_2.0r,582.0,29889.95999999999,53.43642611683849,1.1696001074910918,51.357319587628844,662.7904180064307,-650.3242066420663,-11598.880000000005,0.7179136511323524,4.975945017182131,5.0,1043.4674226804125,303.71999999999997,3204.7200000000003,16.0,126.0,440.0
moreira_muir_target_0.4r,582.0,2149.2800000000843,66.49484536082474,1.0147106634103467,3.6929209621994574,383.08222222222247,-749.248923076923,-17216.39999999998,0.06283025297342072,5.40893470790378,5.0,1093.6314776632303,146.24,3797.4,345.0,100.0,137.0
moreira_muir_target_0.5r,582.0,5197.479999999988,62.7147766323024,1.0325331921208971,8.93037800687283,451.93638356164394,-736.2179723502304,-18052.83,0.14133594933452073,5.40893470790378,5.0,1093.6314776632303,146.24,3797.4,302.0,107.0,173.0
moreira_muir_target_0.6r,582.0,13931.68000000004,60.65292096219931,1.0833476417136894,23.937594501718284,512.983399433428,-729.91903930131,-13720.699999999997,0.35882808113716386,5.40893470790378,5.0,1093.6314776632303,146.24,3797.4,261.0,113.0,208.0
moreira_muir_target_0.7r,582.0,16160.180000000093,58.4192439862543,1.0934459390616682,27.766632302405657,556.1656470588238,-714.6121487603303,-13024.149999999892,0.4003363017100854,5.40893470790378,5.0,1093.6314776632303,146.24,3797.4,217.0,116.0,249.0
moreira_muir_target_0.8r,582.0,16892.679999999917,56.70103092783505,1.0952169017063156,29.02522336769745,588.8039393939391,-704.0183333333333,-11774.300000000105,0.40632336686232656,5.40893470790378,5.0,1093.6314776632303,146.24,3797.4,169.0,119.0,294.0
moreira_muir_target_0.9r,582.0,22512.02999999988,56.013745704467354,1.1254626121133893,38.680463917525564,619.4607668711652,-700.906953125,-10621.75,0.5257411023553361,5.40893470790378,5.0,1093.6314776632303,146.24,3797.4,142.0,121.0,319.0
moreira_muir_target_1.0r,582.0,27906.479999999985,55.49828178694158,1.1546468055393924,47.949278350515435,645.0757894736842,-696.7297297297297,-10525.800000000003,0.6363231986717985,5.40893470790378,5.0,1093.6314776632303,146.24,3797.4,112.0,123.0,347.0
moreira_muir_target_1.1r,582.0,30140.330000000013,54.98281786941581,1.1660904079596444,51.78750859106531,661.2804687500001,-692.6313740458014,-11386.209999999977,0.6778511515635443,5.40893470790378,5.0,1093.6314776632303,146.24,3797.4,90.0,124.0,368.0
moreira_muir_target_1.2r,582.0,31677.38000000001,54.29553264604811,1.173319767167654,54.428487972508606,678.6259493670885,-687.0993233082706,-11326.459999999977,0.6989178127882666,5.40893470790378,5.0,1093.6314776632303,146.24,3797.4,77.0,125.0,380.0
moreira_muir_target_1.3r,582.0,34657.77999999995,54.123711340206185,1.1892302422182128,59.54945017182121,691.4576507936506,-685.9602247191011,-11039.200000000012,0.7571482374488817,5.40893470790378,5.0,1093.6314776632303,146.24,3797.4,65.0,125.0,392.0
moreira_muir_target_1.4r,582.0,33826.57999999996,54.123711340206185,1.1846919198752417,58.12127147766316,688.8189206349206,-685.9602247191011,-11039.200000000012,0.739806921790474,5.40893470790378,5.0,1093.6314776632303,146.24,3797.4,50.0,125.0,407.0
moreira_muir_target_1.5r,582.0,31092.979999999985,53.95189003436426,1.168313042431392,53.42436426116836,687.3440127388535,-689.3023880597015,-12781.650000000052,0.6765757171035403,5.40893470790378,5.0,1093.6314776632303,146.24,3797.4,40.0,126.0,416.0
moreira_muir_target_1.6r,582.0,30601.780000000035,53.95189003436426,1.1656540703276475,52.58037800687291,685.7796815286626,-689.3023880597015,-12839.600000000079,0.6648104022945577,5.40893470790378,5.0,1093.6314776632303,146.24,3797.4,34.0,126.0,422.0
moreira_muir_target_1.7r,582.0,33291.63,53.95189003436426,1.180214811600567,57.202113402061855,694.3460828025477,-689.3023880597015,-12727.550000000032,0.7163661477191037,5.40893470790378,5.0,1093.6314776632303,146.24,3797.4,30.0,126.0,426.0
moreira_muir_target_1.8r,582.0,34317.67999999998,53.608247422680414,1.185662529481059,58.96508591065288,702.4253205128206,-684.5889629629628,-12615.500000000058,0.7339970721909902,5.40893470790378,5.0,1093.6314776632303,146.24,3797.4,24.0,126.0,432.0
moreira_muir_target_1.9r,582.0,33048.979999999974,53.43642611683849,1.1786470170865333,56.78518900343638,701.109196141479,-682.6419926199261,-12503.450000000012,0.7077284463511306,5.40893470790378,5.0,1093.6314776632303,146.24,3797.4,18.0,126.0,438.0
moreira_muir_target_2.0r,582.0,34822.47999999998,53.43642611683849,1.188233711889307,59.83243986254293,706.8117684887459,-682.6419926199261,-12391.400000000052,0.7403656801405055,5.40893470790378,5.0,1093.6314776632303,146.24,3797.4,16.0,126.0,440.0
