configuration,trades,net_pnl,win_rate_pct,profit_factor,max_drawdown,sharpe,target_exits,stop_exits,time_exits
target_0.4r,1037.0,65962.80000000009,66.73095467695275,1.1227438677191377,-38496.999999999985,0.5379838379931345,598.0,161.0,278.0
target_0.5r,1036.0,63421.89999999998,62.54826254826254,1.1066497184679762,-31954.100000000006,0.4812426433925593,510.0,174.0,352.0
target_0.6r,1036.0,85671.39999999986,60.52123552123552,1.1381136501840086,-30129.800000000105,0.6196534938400191,427.0,184.0,425.0
target_0.7r,1035.0,89078.50000000015,58.743961352657,1.1395986736962396,-30684.40000000008,0.6249562078632593,356.0,188.0,491.0
target_0.8r,1035.0,102633.0,57.68115942028985,1.158440544773776,-30684.40000000008,0.7024304523856797,290.0,190.0,555.0
target_0.9r,1035.0,107935.99999999991,56.61835748792271,1.1640887431619555,-30684.40000000008,0.7209027364551375,236.0,194.0,605.0
target_1.0r,1033.0,113578.19999999997,56.05033881897386,1.171730825582039,-30684.40000000008,0.7473947853797059,185.0,196.0,652.0
target_1.1r,1033.0,103869.69999999972,55.663117134559535,1.1551146465863773,-30684.40000000008,0.6793128321832379,145.0,198.0,690.0
target_1.2r,1033.0,102090.19999999985,55.08228460793805,1.1510691871549565,-31815.399999999994,0.6583808984359749,113.0,201.0,719.0
target_1.3r,1033.0,105627.69999999997,54.88867376573088,1.1559843442238753,-31377.90000000001,0.6764080269037847,91.0,201.0,741.0
target_1.4r,1033.0,95356.20000000004,54.69506292352372,1.1403044386289285,-30940.40000000001,0.6106464692204293,70.0,202.0,761.0
target_1.5r,1032.0,86195.29999999996,54.45736434108527,1.1262755330011702,-32017.89999999998,0.5501587328995332,53.0,204.0,775.0
target_1.6r,1032.0,81666.79999999984,54.360465116279066,1.119492583619554,-31836.39999999998,0.5199771420579969,45.0,204.0,783.0
target_1.7r,1032.0,86404.29999999987,54.360465116279066,1.1264243614643776,-31654.90000000001,0.5461418274926906,39.0,204.0,789.0
target_1.8r,1032.0,83579.80000000008,54.166666666666664,1.1221041823777447,-31473.399999999994,0.5257203447656912,32.0,204.0,796.0
target_1.9r,1032.0,81328.8000000001,54.06976744186046,1.1187489085685618,-32725.39999999998,0.5094609315351818,24.0,204.0,804.0
target_2.0r,1032.0,84132.79999999996,54.06976744186046,1.1228430540573215,-32725.39999999998,0.5235593624498758,22.0,204.0,806.0
